Insectnumber,Replicate,Date,Locationcollected,row,Crop,Sex,matingpair,arriveddead,eggs,eggNumber,scutellum,ventralabdomen,ventralthorax,leg,dorsalthorax,dorsalabdomen,pronotum,head,wing,larvalEmergence,daysToPupaFound,daysPupationToAdult,daysPupaFoundtoDeath,daystoDeath,successfullPupation,clutches,c1totalEggs,c1fertileEggs,c1proportionFertile,c2totalEggs,c2fertileEggs,c2proportionFertile,c3totalEggs,c3fertileEggs,c3proportionFertile,c4totalEggs,c4fertileEggs,c4proportionFertile,c5totalEggs,c5fertileEggs,c5proportionFertile,c6totalEggs,c6fertileEggs,c6proportionFertile,c7totalEggs,c7fertileEggs,c7proportionFertile,c8totalEggs,c8fertileEggs,c8proportionFertile,c9totalEggs,c9fertileEggs,c9proportionFertile,c10totalEggs,c10fertileEggs,c10proportionFertile,c11totalEggs,c11fertileEggs,c11proportionFertile,c12totalEggs,c12fertileEggs,c12proportionFertile,c13totalEggs,c13fertileEggs,c13proportionFertile,totalfertileeggs
a1p,a,6/11/2021,Prattville,r8-5,Corn BF,f,n,n,y,1,1,,,,,,,,,0,,,,16,,,,,,,,,,,,,,,,,,,,,,,,,,,,,,,,,,,,,,,,,,
a2n,a,6/11/2021,Prattville,r8-5,Corn BF,m,n,y,n,0,,,,,,,,,,0,,,,,,,,,,,,,,,,,,,,,,,,,,,,,,,,,,,,,,,,,,,,,,
a3n,a,6/11/2021,Prattville,r1-1,Corn BF,f,n,n,n,0,,,,,,,,,,1,14,,0,14,0,2,22,0,0,,,,,,,,,,,,,,,,,,,,,,,,,,,,,,,,,,,,,0
a4n,a,6/11/2021,Prattville,r1-1,Corn BF,m,n,y,n,0,,,,,,,,,,0,,,,,,,,,,,,,,,,,,,,,,,,,,,,,,,,,,,,,,,,,,,,,,
a5n,a,6/11/2021,Prattville,r1-1,Corn BF,m,y,n,n,0,,,,,,,,,,0,,,,70,,,,,,,,,,,,,,,,,,,,,,,,,,,,,,,,,,,,,,,,,,
a6n,a,6/11/2021,Prattville,r1-1,Corn BF,f,y,y,n,0,,,,,,,,,,0,,,,,,,,,,,,,,,,,,,,,,,,,,,,,,,,,,,,,,,,,,,,,,
a7n,a,6/11/2021,Prattville,r1-1,Corn BF,f,n,y,n,0,,,,,,,,,,0,,,,,,,,,,,,,,,,,,,,,,,,,,,,,,,,,,,,,,,,,,,,,,
a8p,a,6/11/2021,Prattville,r23-1,Corn BF,m,n,n,y,2,1,,1,,,,,,,1,6,12,0,6,1,,,,,,,,,,,,,,,,,,,,,,,,,,,,,,,,,,,,,,,,,
a9p,a,6/11/2021,Prattville,r16-1,Corn BF,f,y,n,y,1,,1,,,,,,,,1,12,0,1,13,0,,,,,,,,,,,,,,,,,,,,,,,,,,,,,,,,,,,,,,,,,
a10n,a,6/11/2021,Prattville,r16-1,Corn BF,m,y,n,n,0,,,,,,,,,,0,,,,58,,,,,,,,,,,,,,,,,,,,,,,,,,,,,,,,,,,,,,,,,,
a11n,a,6/11/2021,Prattville,r22-4,Corn 3,f,y,y,n,0,,,,,,,,,,0,,,,,,,,,,,,,,,,,,,,,,,,,,,,,,,,,,,,,,,,,,,,,,
a12n,a,6/11/2021,Prattville,r22-4,Corn 3,m,y,n,n,0,,,,,,,,,,0,,,,102,,,,,,,,,,,,,,,,,,,,,,,,,,,,,,,,,,,,,,,,,,
a13n,a,6/11/2021,Prattville,r8-5,Corn BF,m,y,n,n,0,,,,,,,,,,0,,,,44,,1,50,0,0,,,,,,,,,,,,,,,,,,,,,,,,,,,,,,,,,,,,,0
a14n,a,6/11/2021,Prattville,r8-5,Corn BF,f,y,n,n,0,,,,,,,,,,0,,,,21,,,,,,,,,,,,,,,,,,,,,,,,,,,,,,,,,,,,,,,,,,
a15n,a,6/11/2021,Prattville,r16-1,Corn BF,f,n,n,n,0,,,,,,,,,,0,,,,46,,5,,,,11,0,0,34,0,0,26,0,0,14,0,0,,,,,,,,,,,,,,,,,,,,,,,,,0
a16p,a,6/11/2021,Prattville,r16-1,Corn BF,f,y,n,y,2,,,1,1,,,,,,1,15,13,1,16,1,,,,,,,,,,,,,,,,,,,,,,,,,,,,,,,,,,,,,,,,,
a17p,a,6/11/2021,Prattville,r16-1,Corn BF,m,y,y,y,1,,,,,,,1,,,0,,,,,,,,,,,,,,,,,,,,,,,,,,,,,,,,,,,,,,,,,,,,,,
a18n,a,6/11/2021,Prattville,r8-5,Corn BF,m,y,n,n,0,,,,,,,,,,0,,,,80,,,,,,,,,,,,,,,,,,,,,,,,,,,,,,,,,,,,,,,,,,
a19p,a,6/11/2021,Prattville,r8-5,Corn BF,f,y,y,y,2,,1,1,,,,,,,0,,,,,,,,,,,,,,,,,,,,,,,,,,,,,,,,,,,,,,,,,,,,,,
a20p,a,6/11/2021,Prattville,r16-1,Corn BF,m,n,y,y,4,,,2,,,,1,1,,0,,,,,,,,,,,,,,,,,,,,,,,,,,,,,,,,,,,,,,,,,,,,,,
a21p,a,6/11/2021,Prattville,r23-1,Corn BF,m,y,n,y,0,,,,,,,,,1,0,,,,45,,,,,,,,,,,,,,,,,,,,,,,,,,,,,,,,,,,,,,,,,,
a22n,a,6/11/2021,Prattville,r23-1,Corn BF,f,y,n,n,0,,,,,,,,,,0,,,,26,,3,94,92,0.978723404,88,87,0.988636364,121,118,0.975206612,,,,,,,,,,,,,,,,,,,,,,,,,,,,,,,0.98085546
a23n,a,6/11/2021,Prattville,r32-1,Corn BF,f,n,n,n,0,,,,,,,,,,0,,,,119,,8,82,77,0.93902439,92,91,0.989130435,94,75,0.79787234,42,9,0.214285714,58,0,0,57,0,0,35,0,0,44,0,0,,,,,,,,,,,,,,,,0.36753911
a24n,a,6/11/2021,Prattville,r56-1,Corn BF,m,n,n,n,0,,,,,,,,,,0,,,,97,,,,,,,,,,,,,,,,,,,,,,,,,,,,,,,,,,,,,,,,,,
a25n,a,6/11/2021,Prattville,r56-1,Corn BF,f,y,n,n,0,,,,,,,,,,0,,,,90,,11,84,56,0.666666667,49,48,0.979591837,52,46,0.884615385,22,16,0.727272727,43,40,0.930232558,38,35,0.921052632,20,17,0.85,15,9,0.6,19,12,0.631578947,19,9,0.473684211,14,0,0,,,,,,,0.696790451
a26p,a,6/11/2021,Prattville,r56-1,Corn BF,m,n,n,y,1,,1,,,,,,,,1,11,10,1,12,1,,,,,,,,,,,,,,,,,,,,,,,,,,,,,,,,,,,,,,,,,
a27p,a,6/11/2021,Prattville,r56-1,Corn BF,m,y,n,y,2,,,1,,,,1,,,0,,,,50,,,,,,,,,,,,,,,,,,,,,,,,,,,,,,,,,,,,,,,,,,
a28p,a,6/11/2021,Prattville,r56-1,Corn BF,f,y,n,y,4,,2,2,,,,,,,1,9,12,6,15,1,,,,,,,,,,,,,,,,,,,,,,,,,,,,,,,,,,,,,,,,,
a29n,a,6/11/2021,Prattville,r40-1,Corn BF,m,n,n,n,0,,,,,,,,,,0,,,,29,,,,,,,,,,,,,,,,,,,,,,,,,,,,,,,,,,,,,,,,,,
a30n,a,6/11/2021,Prattville,r40-1,Corn BF,m,n,n,n,0,,,,,,,,,,1,15,12,1,16,1,,,,,,,,,,,,,,,,,,,,,,,,,,,,,,,,,,,,,,,,,
a31n,a,6/11/2021,Prattville,r40-1,Corn BF,f,n,n,n,0,,,,,,,,,,1,16,13,1,17,1,1,62,61,0.983870968,,,,,,,,,,,,,,,,,,,,,,,,,,,,,,,,,,,,,0.983870968
a32p,a,6/11/2021,Prattville,r40-1,Corn BF,m,n,n,y,3,,,1,,,,,,2,1,8,12,1,9,1,,,,,,,,,,,,,,,,,,,,,,,,,,,,,,,,,,,,,,,,,
a33p,a,6/11/2021,Prattville,r40-1,Corn BF,m,n,n,y,1,1,,,,,,,,,0,,,,6,,,,,,,,,,,,,,,,,,,,,,,,,,,,,,,,,,,,,,,,,,
a34p,a,6/11/2021,Prattville,r56-1,Corn BF,m,y,n,y,1,,,1,,,,,,,1,,,,43,0,,,,,,,,,,,,,,,,,,,,,,,,,,,,,,,,,,,,,,,,,
a35p,a,6/11/2021,Prattville,r56-1,Corn BF,f,y,y,y,1,,,,,,,,,,1,3,11,0,3,1,,,,,,,,,,,,,,,,,,,,,,,,,,,,,,,,,,,,,,,,,
a36p,a,6/11/2021,Prattville,r48-51,Corn BF,m,n,n,y,1,1,,,,,,,,,1,9,,4,13,0,,,,,,,,,,,,,,,,,,,,,,,,,,,,,,,,,,,,,,,,,
a37n,a,6/11/2021,Prattville,r22-4,Corn 3,m,n,n,n,0,,,,,,,,,,0,,,,66,,,,,,,,,,,,,,,,,,,,,,,,,,,,,,,,,,,,,,,,,,
a38n,a,6/11/2021,Prattville,r22-4,Corn 3,m,n,n,n,0,,,,,,,,,,1,6,12,2,8,1,,,,,,,,,,,,,,,,,,,,,,,,,,,,,,,,,,,,,,,,,
a39n,a,6/11/2021,Prattville,r22-4,Corn 3,m,n,n,n,0,,,,,,,,,,0,,,,17,,,,,,,,,,,,,,,,,,,,,,,,,,,,,,,,,,,,,,,,,,
a40n,a,6/11/2021,Prattville,r1-1,Corn BF,f,y,n,n,0,,,,,,,,,,0,,,,7,,,,,,,,,,,,,,,,,,,,,,,,,,,,,,,,,,,,,,,,,,
a41n,a,6/11/2021,Prattville,r1-1,Corn BF,m,y,n,n,0,,,,,,,,,,0,,,,55,,,,,,,,,,,,,,,,,,,,,,,,,,,,,,,,,,,,,,,,,,
a42p,a,6/11/2021,Prattville,r48-51,Corn BF,m,n,n,y,1,,,1,,,,,,,1,14,12,1,15,1,,,,,,,,,,,,,,,,,,,,,,,,,,,,,,,,,,,,,,,,,
a43p,a,6/11/2021,Prattville,r24-52,Corn 2,m,n,n,y,1,,,1,,,,,,,1,8,,,0,,,,,,,,,,,,,,,,,,,,,,,,,,,,,,,,,,,,,,,,,,
a44n,a,6/11/2021,Prattville,r24-52,Corn 2,m,y,n,n,0,,,,,,,,,,0,,,,53,,,,,,,,,,,,,,,,,,,,,,,,,,,,,,,,,,,,,,,,,,
a45n,a,6/11/2021,Prattville,r24-52,Corn 2,f,y,n,n,0,,,,,,,,,,0,,,,63,,6,40,34,0.85,105,98,0.933333333,42,34,0.80952381,60,43,0.716666667,70,70,1,39,13,0.333333333,,,,,,,,,,,,,,,,,,,,,,0.773809524
a46n,a,6/11/2021,Prattville,r24-53,Corn 2,m,n,n,n,0,,,,,,,,,,1,12,12,1,13,1,,,,,,,,,,,,,,,,,,,,,,,,,,,,,,,,,,,,,,,,,
a47n,a,6/11/2021,Prattville,r24-52,Corn 2,m,n,n,n,0,,,,,,,,,,0,,,,58,,,,,,,,,,,,,,,,,,,,,,,,,,,,,,,,,,,,,,,,,,
a48n,a,6/11/2021,Prattville,r2-53,Corn 2,m,y,n,n,0,,,,,,,,,,,,,,,,,,,,,,,,,,,,,,,,,,,,,,,,,,,,,,,,,,,,,,,,
a49p,a,6/11/2021,Prattville,r2-53,Corn 2,f,y,n,y,1,,,1,,,,,,,,,,,,,10,79,0,0,48,0,0,101,0,0,51,0,0,67,0,0,65,0,0,24,0,0,51,0,0,33,0,0,39,0,0,,,,,,,,,,0
a50n,a,6/11/2021,Prattville,r19-55,Corn 2,f,n,n,n,0,,,,,,,,,,0,,,,28,,1,27,0,0,,,,,,,,,,,,,,,,,,,,,,,,,,,,,,,,,,,,,0
a51n,a,6/11/2021,Prattville,r19-55,Corn 2,f,n,n,n,0,,,,,,,,,,0,,,,23,,,,,,,,,,,,,,,,,,,,,,,,,,,,,,,,,,,,,,,,,,
a52p,a,6/11/2021,Prattville,r19-51,Corn 2,m,n,y,y,1,,,1,,,,,,,0,,,,,,,,,,,,,,,,,,,,,,,,,,,,,,,,,,,,,,,,,,,,,,
a53n,a,6/11/2021,Prattville,r19-51,Corn 2,f,n,n,n,0,,,,,,,,,,0,,,,81,,2,28,0,0,25,0,0,,,,,,,,,,,,,,,,,,,,,,,,,,,,,,,,,,0
a54n,a,6/11/2021,Prattville,r2-52,Corn 2,f,y,n,n,0,,,,,,,,,,0,,,,90,,13,103,99,0.961165049,90,78,0.866666667,11,7,0.636363636,69,42,0.608695652,19,0,0,89,0,0,13,0,0,12,0,0,36,0,0,38,0,0,37,0,0,34,0,0,45,0,0,0.236376231
a55p,a,6/11/2021,Prattville,r2-52,Corn 2,m,y,y,y,4,,,3,,,,,,1,0,,,,,,,,,,,,,,,,,,,,,,,,,,,,,,,,,,,,,,,,,,,,,,
a56n,a,6/11/2021,Prattville,r2-52,Corn 2,f,n,n,n,0,,,,,,,,,,0,,,,48,,6,89,86,0.966292135,104,92,0.884615385,54,47,0.87037037,96,87,0.90625,18,13,0.722222222,12,0,0,,,,,,,,,,,,,,,,,,,,,,0.724958352
a57n,a,6/11/2021,Prattville,r23-53,Corn 1,f,n,y,n,0,,,,,,,,,,0,,,,,,,,,,,,,,,,,,,,,,,,,,,,,,,,,,,,,,,,,,,,,,
a58n,a,6/11/2021,Prattville,r2-52,Corn 2,m,n,y,n,0,,,,,,,,,,1,17,,1,18,0,,,,,,,,,,,,,,,,,,,,,,,,,,,,,,,,,,,,,,,,,
a59n,a,6/11/2021,Prattville,r2-51,Corn 2,m,n,n,n,0,,,,,,,,,,0,,,,102,,,,,,,,,,,,,,,,,,,,,,,,,,,,,,,,,,,,,,,,,,
a60n,a,6/11/2021,Prattville,r23-55,Corn 1,m,y,n,n,0,,,,,,,,,,0,,,,5,,,,,,,,,,,,,,,,,,,,,,,,,,,,,,,,,,,,,,,,,,
a61n,a,6/11/2021,Prattville,r23-55,Corn 1,f,y,n,n,0,,,,,,,,,,0,,,,89,,12,118,118,1,100,89,0.89,60,55,0.916666667,46,42,0.913043478,76,75,0.986842105,82,82,1,79,10,0.126582278,39,14,0.358974359,49,21,0.428571429,4,0,0,39,0,0,37,0,0,,,,0.55172336
a62n,a,6/11/2021,Prattville,r23-54,Corn 1,m,n,n,n,0,,,,,,,,,,0,,,,112,,,,,,,,,,,,,,,,,,,,,,,,,,,,,,,,,,,,,,,,,,
a63n,a,6/11/2021,Prattville,r23-55,Corn 1,m,n,n,n,0,,,,,,,,,,1,20,,1,21,0,,,,,,,,,,,,,,,,,,,,,,,,,,,,,,,,,,,,,,,,,
a64n,a,6/11/2021,Prattville,r23-55,Corn 1,f,n,n,n,0,,,,,,,,,,0,,,,24,,2,94,0,0,82,0,0,,,,,,,,,,,,,,,,,,,,,,,,,,,,,,,,,,0
a65n,a,6/11/2021,Prattville,r23-52,Corn 1,f,n,n,n,0,,,,,,,,,,0,,,,123,,7,65,0,0,25,0,0,44,0,0,61,0,0,43,0,0,20,0,0,87,0,0,,,,,,,,,,,,,,,,,,,0
a66n,a,6/11/2021,Prattville,r1-51,Corn 1,m,n,n,n,0,,,,,,,,,,0,,,,81,,,,,,,,,,,,,,,,,,,,,,,,,,,,,,,,,,,,,,,,,,
a67p,a,6/11/2021,Prattville,r23-52,Corn 1,f,n,n,y,4,,4,,,,,,,,0,,,,9,,1,36,23,0.638888889,,,,,,,,,,,,,,,,,,,,,,,,,,,,,,,,,,,,,0.638888889
a68n,a,6/11/2021,Prattville,r1-54,Corn 1,f,n,n,n,0,,,,,,,,,,,,,,,,3,8,0,0,27,0,0,77,0,0,,,,,,,,,,,,,,,,,,,,,,,,,,,,,,,0
b1n,b,6/18/2021,Prattville,r12-3,Corn 2,m,y,n,n,0,,,,,,,,,,0,,,,77,,,,,,,,,,,,,,,,,,,,,,,,,,,,,,,,,,,,,,,,,,
b2n,b,6/18/2021,Prattville,r12-3,Corn 2,f,y,n,n,0,,,,,,,,,,0,,,,29,,4,80,76,0.95,72,69,0.958333333,54,48,0.888888889,83,76,0.915662651,,,,,,,,,,,,,,,,,,,,,,,,,,,,0.928221218
b3p,b,6/18/2021,Prattville,r24-1,Corn 1,f,n,n,y,2,,1,,,,,,,1,0,,,,5,,,,,,,,,,,,,,,,,,,,,,,,,,,,,,,,,,,,,,,,,,
b4p,b,6/18/2021,Prattville,r24-1,Corn 1,f,n,n,y,1,,,,,,,1,,,0,,,,16,,1,130,127,0.976923077,,,,,,,,,,,,,,,,,,,,,,,,,,,,,,,,,,,,,0.976923077
b5p,b,6/18/2021,Prattville,r24-1,Corn 1,m,y,y,y,2,1,,1,,,,,,,0,,,,,,,,,,,,,,,,,,,,,,,,,,,,,,,,,,,,,,,,,,,,,,
b6n,b,6/18/2021,Prattville,r24-4,Corn 1,f,y,n,n,0,,,,,,,,,,0,,,,5,,,,,,,,,,,,,,,,,,,,,,,,,,,,,,,,,,,,,,,,,,
b7n,b,6/18/2021,Prattville,r24-4,Corn 1,m,y,n,n,0,,,,,,,,,,0,,,,88,,,,,,,,,,,,,,,,,,,,,,,,,,,,,,,,,,,,,,,,,,
b8p,b,6/18/2021,Prattville,r5-2,Corn 1,f,y,n,y,1,,,,,,1,,,,0,,,,48,,6,87,82,0.942528736,89,87,0.97752809,76,73,0.960526316,87,85,0.977011494,20,11,0.55,24,20,0.833333333,,,,,,,,,,,,,,,,,,,,,,0.873487995
b9n,b,6/18/2021,Prattville,r5-2,Corn 1,m,y,n,n,0,,,,,,,,,,0,,,,9,,,,,,,,,,,,,,,,,,,,,,,,,,,,,,,,,,,,,,,,,,
b10n,b,6/18/2021,Prattville,r1-1,Corn 1,f,n,n,n,0,,,,,,,,,,0,,,,61,,6,101,95,0.940594059,23,2,0.086956522,76,62,0.815789474,31,0,0,65,27,0.415384615,12,0,0,,,,,,,,,,,,,,,,,,,,,,0.376454112
b11n,b,6/18/2021,Prattville,r1-1,Corn 1,f,n,n,n,0,,,,,,,,,,0,,,,116,,8,0,0,0,4,0,0,20,0,0,2,0,0,23,0,0,16,0,0,83,0,0,42,0,0,63,0,0,,,,,,,,,,,,,0
b12p,b,6/18/2021,Prattville,r24-1,Corn 1,m,n,n,y,1,,1,,,,,,,,1,14,,2,16,0,,,,,,,,,,,,,,,,,,,,,,,,,,,,,,,,,,,,,,,,,
b13n,b,6/18/2021,Prattville,r1-1,Corn 1,m,n,n,n,0,,,,,,,,,,0,,,,60,,,,,,,,,,,,,,,,,,,,,,,,,,,,,,,,,,,,,,,,,,
b14n,b,6/18/2021,Prattville,r1-1,Corn 1,f,n,n,n,0,,,,,,,,,,0,,,,5,,,,,,,,,,,,,,,,,,,,,,,,,,,,,,,,,,,,,,,,,,
b15p,b,6/18/2021,Prattville,r1-1,Corn 1,f,n,y,y,1,,,,,,,,,1,0,,,,,,,,,,,,,,,,,,,,,,,,,,,,,,,,,,,,,,,,,,,,,,
b16p,b,6/18/2021,Prattville,r24-3,Corn 1,m,n,n,y,1,,,,,,1,,,,0,,,,5,,,,,,,,,,,,,,,,,,,,,,,,,,,,,,,,,,,,,,,,,,
b17n,b,6/18/2021,Prattville,r1-2,Corn 2,f,n,n,n,0,,,,,,,,,,0,,,,13,,1,24,20,0.833333333,,,,,,,,,,,,,,,,,,,,,,,,,,,,,,,,,,,,,0.833333333
b18n,b,6/18/2021,Prattville,r1-1,Corn 1,f,y,n,n,0,,,,,,,,,,1,10,,2,12,0,,,,,,,,,,,,,,,,,,,,,,,,,,,,,,,,,,,,,,,,,
b19p,b,6/18/2021,Prattville,r1-1,Corn 1,m,n,n,y,1,,,1,,,,,,,1,15,12,1,16,1,,,,,,,,,,,,,,,,,,,,,,,,,,,,,,,,,,,,,,,,,
b20n,b,6/18/2021,Prattville,r1-1,Corn 1,m,n,n,n,0,,,,,,,,,,0,,,,47,,,,,,,,,,,,,,,,,,,,,,,,,,,,,,,,,,,,,,,,,,
b21p,b,6/18/2021,Prattville,r1-1,Corn 1,m,y,n,y,1,,,,,,,1,,,0,,,,76,,,,,,,,,,,,,,,,,,,,,,,,,,,,,,,,,,,,,,,,,,
b22p,b,6/18/2021,Prattville,r1-1,Corn 1,f,y,n,y,2,,1,1,,,,,,,0,,,,11,,,,,,,,,,,,,,,,,,,,,,,,,,,,,,,,,,,,,,,,,,
b23n,b,6/18/2021,Prattville,r1-1,Corn 1,m,n,n,n,0,,,,,,,,,,0,,,,7,,,,,,,,,,,,,,,,,,,,,,,,,,,,,,,,,,,,,,,,,,
b24p,b,6/18/2021,Prattville,r1-1,Corn 1,m,n,n,y,2,,,2,,,,,,,0,,,,5,,,,,,,,,,,,,,,,,,,,,,,,,,,,,,,,,,,,,,,,,,
b25p,b,6/18/2021,Prattville,r24-2,Corn 1,f,n,n,y,1,,,1,,,,,,,1,12,14,1,13,1,1,25,24,0.96,,,,,,,,,,,,,,,,,,,,,,,,,,,,,,,,,,,,,0.96
b26p,b,6/18/2021,Prattville,r24-4,Corn 1,m,n,y,y,1,,,,,,,,,1,0,,,,,,,,,,,,,,,,,,,,,,,,,,,,,,,,,,,,,,,,,,,,,,
b27p,b,6/18/2021,Prattville,r5-1,Corn 1,m,n,n,y,1,,,1,,,,,,,1,8,,1,9,0,,,,,,,,,,,,,,,,,,,,,,,,,,,,,,,,,,,,,,,,,
b28n,b,6/18/2021,Prattville,r24-1,Corn 2,m,n,n,n,0,,,,,,,,,,0,,,,116,,,,,,,,,,,,,,,,,,,,,,,,,,,,,,,,,,,,,,,,,,
b29n,b,6/18/2021,Prattville,r12-2,Corn 2,f,n,n,n,0,,,,,,,,,,0,,,,58,,3,82,70,0.853658537,61,28,0.459016393,118,111,0.940677966,,,,,,,,,,,,,,,,,,,,,,,,,,,,,,,0.751117632
b30p,b,6/18/2021,Prattville,r24-3,Corn 2,f,n,n,y,1,,,,,,,,,1,0,,,,13,,1,62,62,1,,,,,,,,,,,,,,,,,,,,,,,,,,,,,,,,,,,,,1
b31n,b,6/18/2021,Prattville,r1-2,Corn 2,f,y,n,n,0,,,,,,,,,,0,,,,6,,,,,,,,,,,,,,,,,,,,,,,,,,,,,,,,,,,,,,,,,,
b32p,b,6/18/2021,Prattville,r1-2,Corn 2,m,y,n,y,2,,,,,,,1,,1,1,4,,1,5,0,,,,,,,,,,,,,,,,,,,,,,,,,,,,,,,,,,,,,,,,,
b33n,b,6/18/2021,Prattville,r1-2,Corn 5,f,n,n,n,0,,,,,,,,,,1,6,13,1,7,1,,,,,,,,,,,,,,,,,,,,,,,,,,,,,,,,,,,,,,,,,
b34n,b,6/18/2021,Prattville,r1-2,Corn 5,f,n,n,n,0,,,,,,,,,,,,,,,,9,29,0,0,22,0,0,20,0,0,33,0,0,35,0,0,45,0,0,19,0,0,57,0,0,9,0,0,,,,,,,,,,,,,0
b35n,b,6/18/2021,Prattville,r22-5,Corn 3,m,n,n,n,0,,,,,,,,,,0,,,,28,,,,,,,,,,,,,,,,,,,,,,,,,,,,,,,,,,,,,,,,,,
b36n,b,6/18/2021,Prattville,r22-5,Corn 3,m,n,n,n,0,,,,,,,,,,0,,,,95,,,,,,,,,,,,,,,,,,,,,,,,,,,,,,,,,,,,,,,,,,
b37n,b,6/18/2021,Prattville,r22-5,Corn 3,f,y,n,n,0,,,,,,,,,,0,,,,46,,6,80,73,0.9125,62,41,0.661290323,81,79,0.975308642,53,50,0.943396226,21,20,0.952380952,78,61,0.782051282,,,,,,,,,,,,,,,,,,,,,,0.871154571
b38p,b,6/18/2021,Prattville,r11-4,Corn 3,f,n,n,y,2,,,1,,,,1,,,0,,,,38,,4,112,110,0.982142857,36,22,0.611111111,17,9,0.529411765,59,45,0.762711864,,,,,,,,,,,,,,,,,,,,,,,,,,,,0.721344399
b39p,b,6/18/2021,Prattville,r11-5,Corn 3,m,n,n,y,5,,1,4,,,,,,,1,8,,,8,0,,,,,,,,,,,,,,,,,,,,,,,,,,,,,,,,,,,,,,,,,
b40p,b,6/18/2021,Prattville,r22-4,Corn 3,f,n,n,y,3,,1,2,,,,,,,0,,,,8,,,,,,,,,,,,,,,,,,,,,,,,,,,,,,,,,,,,,,,,,,
b41p,b,6/18/2021,Prattville,r22-4,Corn 3,f,n,n,y,1,1,,,,,,,,,0,,,,5,,,,,,,,,,,,,,,,,,,,,,,,,,,,,,,,,,,,,,,,,,
b42p,b,6/18/2021,Prattville,r22-4,Corn 3,f,n,n,y,2,,1,1,,,,,,,1,12,13,2,14,1,,,,,,,,,,,,,,,,,,,,,,,,,,,,,,,,,,,,,,,,,
b43p,b,6/18/2021,Prattville,r22-3,Corn 3,f,n,n,y,1,,,,,,,,,1,0,,,,13,,,,,,,,,,,,,,,,,,,,,,,,,,,,,,,,,,,,,,,,,,
b44p,b,6/18/2021,Prattville,r11-4,Corn 3,f,y,n,y,3,,1,,,,,2,,,1,23,14,2,25,1,1,31,30,0.967741935,,,,,,,,,,,,,,,,,,,,,,,,,,,,,,,,,,,,,0.967741935
b45n,b,6/18/2021,Prattville,r11-4,Corn 3,m,y,y,n,0,,,,,,,,,,0,,,,,,,,,,,,,,,,,,,,,,,,,,,,,,,,,,,,,,,,,,,,,,
b46p,b,6/18/2021,Prattville,r11-5,Corn 3,m,y,n,y,2,1,1,,,,,,,,1,14,,1,15,0,,,,,,,,,,,,,,,,,,,,,,,,,,,,,,,,,,,,,,,,,
b47p,b,6/18/2021,Prattville,r11-5,Corn 3,f,y,n,y,2,,,1,1,,,,,,1,10,13,1,11,1,,,,,,,,,,,,,,,,,,,,,,,,,,,,,,,,,,,,,,,,,
b48p,b,6/18/2021,Prattville,r22-5,Corn 3,f,y,n,y,1,,,1,,,,,,,1,14,,1,15,0,,,,,,,,,,,,,,,,,,,,,,,,,,,,,,,,,,,,,,,,,
b49n,b,6/18/2021,Prattville,r22-5,Corn 3,m,y,y,n,0,,,,,,,,,,0,,,,,,,,,,,,,,,,,,,,,,,,,,,,,,,,,,,,,,,,,,,,,,
b50p,b,6/18/2021,Prattville,r11-4,Corn 3,m,y,n,y,3,,1,2,,,,,,,1,15,,1,16,0,,,,,,,,,,,,,,,,,,,,,,,,,,,,,,,,,,,,,,,,,
b51p,b,6/18/2021,Prattville,r11-4,Corn 3,f,y,n,y,2,,,1,1,,,,,,1,7,,1,8,0,,,,,,,,,,,,,,,,,,,,,,,,,,,,,,,,,,,,,,,,,
b52n,b,6/18/2021,Prattville,r22-2,Corn 3,f,n,n,n,0,,,,,,,,,,0,,,,36,,4,76,76,1,77,77,1,51,51,1,68,64,0.941176471,,,,,,,,,,,,,,,,,,,,,,,,,,,,0.985294118
b53n,b,6/18/2021,Prattville,r24-1,Corn 4,f,n,n,n,0,,,,,,,,,,1,13,12,1,13,1,,,,,,,,,,,,,,,,,,,,,,,,,,,,,,,,,,,,,,,,,
b54n,b,6/18/2021,Prattville,r1-4,Corn 5,f,n,n,n,0,,,,,,,,,,0,,,,6,,,,,,,,,,,,,,,,,,,,,,,,,,,,,,,,,,,,,,,,,,
b55p,b,6/18/2021,Prattville,r1-2,Corn 5,f,n,n,y,1,,,,,,,1,,,1,6,13,1,7,1,,,,,,,,,,,,,,,,,,,,,,,,,,,,,,,,,,,,,,,,,
b56p,b,6/18/2021,Prattville,r1-5,Corn 5,m,n,n,y,3,,,1,,,2,,,,1,5,13,2,7,1,,,,,,,,,,,,,,,,,,,,,,,,,,,,,,,,,,,,,,,,,
b57p,b,6/18/2021,Prattville,r1-5,Corn 5,m,n,n,y,1,,,,,,,1,,,1,5,13,1,6,1,,,,,,,,,,,,,,,,,,,,,,,,,,,,,,,,,,,,,,,,,
b58n,b,6/18/2021,Prattville,r28-5,Corn 5,f,n,n,n,0,,,,,,,,,,0,,,,62,,5,83,0,0,84,0,0,27,0,0,17,0,0,22,0,0,,,,,,,,,,,,,,,,,,,,,,,,,0
b59p,b,6/18/2021,Prattville,r7-1,Corn BF,nymph,n,n,y,1,1,,,,,,,,,1,19,,2,21,0,,,,,,,,,,,,,,,,,,,,,,,,,,,,,,,,,,,,,,,,,
b60n,b,6/18/2021,Prattville,r1-2,Corn BF,f,n,n,n,0,,,,,,,,,,0,,,,16,,,,,,,,,,,,,,,,,,,,,,,,,,,,,,,,,,,,,,,,,,
b61p,b,6/18/2021,Prattville,r1-3,Corn BF,f,n,y,y,1,,,,,,,1,,,0,,,,4,,,,,,,,,,,,,,,,,,,,,,,,,,,,,,,,,,,,,,,,,,
b62p,b,6/18/2021,Prattville,r7-1,Corn BF,m,n,y,y,1,,,,,,1,,,,0,,,,4,,,,,,,,,,,,,,,,,,,,,,,,,,,,,,,,,,,,,,,,,,
b63n,b,6/18/2021,Prattville,r1-1,Corn BF,f,y,n,n,0,,,,,,,,,,0,,,,5,,,,,,,,,,,,,,,,,,,,,,,,,,,,,,,,,,,,,,,,,,
b64p,b,6/18/2021,Prattville,r1-1,Corn BF,m,y,n,y,3,,2,,,,,1,,,1,7,,0,7,0,,,,,,,,,,,,,,,,,,,,,,,,,,,,,,,,,,,,,,,,,
b65n,b,6/18/2021,Prattville,r7-1,Corn BF,m,y,n,n,0,,,,,,,,,,0,,,,35,,,,,,,,,,,,,,,,,,,,,,,,,,,,,,,,,,,,,,,,,,
b66p,b,6/18/2021,Prattville,r7-1,Corn BF,f,y,n,y,3,1,1,1,,,,,,,1,4,13,1,5,1,,,,,,,,,,,,,,,,,,,,,,,,,,,,,,,,,,,,,,,,,
c1n,c,6/24/2021,Prattville,r12-1,Corn 4,f,n,n,n,,,,,,,,,,,0,,,,28,,,,,,,,,,,,,,,,,,,,,,,,,,,,,,,,,,,,,,,,,,
c2p,c,6/24/2021,Prattville,r12-3,Corn 3,f,y,n,y,2,,1,,,,,1,,,1,9,13,2,11,1,,,,,,,,,,,,,,,,,,,,,,,,,,,,,,,,,,,,,,,,,
c3n,c,6/24/2021,Prattville,r12-3,Corn 3,m,y,y,n,,,,,,,,,,,0,,,,,,,,,,,,,,,,,,,,,,,,,,,,,,,,,,,,,,,,,,,,,,
c4n,c,6/24/2021,Prattville,r1-2,Corn 3,f,n,y,n,,,,,,,,,,,0,,,,,,,,,,,,,,,,,,,,,,,,,,,,,,,,,,,,,,,,,,,,,,
c5p,c,6/24/2021,Prattville,r12-1,Corn 2,f,n,n,y,1,,,,,,,,1,,0,,,,8,,,,,,,,,,,,,,,,,,,,,,,,,,,,,,,,,,,,,,,,,,
c6n,c,6/24/2021,Prattville,r24-2,Corn 2,f,n,n,n,,,,,,,,,,,0,,,,77,,4,86,0,0,24,0,0,18,0,0,14,0,0,,,,,,,,,,,,,,,,,,,,,,,,,,,,0
c7n,c,6/24/2021,Prattville,r12-5,Corn 2,f,y,n,n,,,,,,,,,,,0,,,,82,,9,61,60,0.983606557,62,61,0.983870968,88,88,1,75,73,0.973333333,65,53,0.815384615,75,64,0.853333333,70,47,0.671428571,35,30,0.857142857,54,36,0.666666667,,,,,,,,,,,,,0.867196322
c8n,c,6/24/2021,Prattville,r12-5,Corn 2,m,y,n,n,,,,,,,,,,,0,,,,77,,,,,,,,,,,,,,,,,,,,,,,,,,,,,,,,,,,,,,,,,,
c9p,c,6/24/2021,Prattville,r12-2,Corn 4,m,n,n,y,1,,,1,,,,,,,0,,,,53,,,,,,,,,,,,,,,,,,,,,,,,,,,,,,,,,,,,,,,,,,
c10n,c,6/24/2021,Prattville,r12-2,Corn 4,f,n,n,n,,,,,,,,,,,0,,,,27,,4,67,63,0.940298507,29,27,0.931034483,109,104,0.95412844,124,123,0.991935484,,,,,,,,,,,,,,,,,,,,,,,,,,,,0.954349229
c11n,c,6/24/2021,Prattville,r12-2,Corn 4,f,n,y,n,,,,,,,,,,,0,,,,,,,,,,,,,,,,,,,,,,,,,,,,,,,,,,,,,,,,,,,,,,
c12n,c,6/24/2021,Prattville,r12-1,Corn 2,m,n,n,n,,,,,,,,,,,1,13,13,1,14,1,,,,,,,,,,,,,,,,,,,,,,,,,,,,,,,,,,,,,,,,,
c13n,c,6/24/2021,Prattville,r24-2,Corn 2,f,y,n,n,,,,,,,,,,,0,,,,27,,3,105,102,0.971428571,58,55,0.948275862,131,121,0.923664122,,,,,,,,,,,,,,,,,,,,,,,,,,,,,,,0.947789519
c14n,c,6/24/2021,Prattville,r24-2,Corn 2,m,y,n,n,,,,,,,,,,,0,,,,53,,,,,,,,,,,,,,,,,,,,,,,,,,,,,,,,,,,,,,,,,,
c15n,c,6/24/2021,Prattville,r12-1,Corn 2,f,y,n,n,,,,,,,,,,,0,,,,30,,4,101,100,0.99009901,45,44,0.977777778,83,83,1,71,69,0.971830986,,,,,,,,,,,,,,,,,,,,,,,,,,,,0.984926943
c16n,c,6/24/2021,Prattville,r12-1,Corn 2,m,y,n,n,,,,,,,,,,,0,,,,71,,,,,,,,,,,,,,,,,,,,,,,,,,,,,,,,,,,,,,,,,,
c17p,c,6/24/2021,Prattville,r22-3,Corn 3,f,n,n,y,1,,,1,,,,,,,1,7,14,61,68,1,,,,,,,,,,,,,,,,,,,,,,,,,,,,,,,,,,,,,,,,,
c18n,c,6/24/2021,Prattville,r12-1,Corn 2,f,n,y,n,,,,,,,,,,,0,,,,,,,,,,,,,,,,,,,,,,,,,,,,,,,,,,,,,,,,,,,,,,
c19n,c,6/24/2021,Prattville,r22-2,Corn 3,m,n,n,n,,,,,,,,,,,0,,,,40,,,,,,,,,,,,,,,,,,,,,,,,,,,,,,,,,,,,,,,,,,
c20n,c,6/24/2021,Prattville,r22-2,Corn 3,m,n,y,n,,,,,,,,,,,0,,,,,,,,,,,,,,,,,,,,,,,,,,,,,,,,,,,,,,,,,,,,,,
c21n,c,6/24/2021,Prattville,r12-2,Corn 2,m,y,n,n,,,,,,,,,,,0,,,,31,,,,,,,,,,,,,,,,,,,,,,,,,,,,,,,,,,,,,,,,,,
c22n,c,6/24/2021,Prattville,r12-2,Corn 2,f,y,n,n,,,,,,,,,,,0,,,,56,,5,110,97,0.881818182,93,91,0.978494624,76,75,0.986842105,85,83,0.976470588,48,45,0.9375,,,,,,,,,,,,,,,,,,,,,,,,,0.9522251
c23n,c,6/24/2021,Prattville,r22-2,Corn 3,m,y,n,n,,,,,,,,,,,0,,,,117,,,,,,,,,,,,,,,,,,,,,,,,,,,,,,,,,,,,,,,,,,
c24p,c,6/24/2021,Prattville,r22-2,Corn 3,f,y,n,y,1,,,,,,,1,,,1,11,15,3,14,1,,,,,,,,,,,,,,,,,,,,,,,,,,,,,,,,,,,,,,,,,
c25p,c,6/24/2021,Prattville,r22-1,Corn 3,f,n,n,y,1,,,1,,,,,,,1,7,,,8,0,,,,,,,,,,,,,,,,,,,,,,,,,,,,,,,,,,,,,,,,,
c26p,c,6/24/2021,Prattville,r1-1,Corn 2,f,n,n,y,1,1,,,,,,,,,1,6,,1,7,0,,,,,,,,,,,,,,,,,,,,,,,,,,,,,,,,,,,,,,,,,
c27n,c,6/24/2021,Prattville,r12-2,Corn 2,f,n,n,n,,,,,,,,,,,0,,,,117,,10,23,23,1,53,40,0.754716981,13,10,0.769230769,50,47,0.94,84,72,0.857142857,30,17,0.566666667,54,40,0.740740741,128,94,0.734375,15,0,0,9,0,0,,,,,,,,,,0.636287301
c28p,c,6/24/2021,Prattville,r24-2,Corn 4,m,n,n,y,1,,,,,,,,,1,0,,,,68,,,,,,,,,,,,,,,,,,,,,,,,,,,,,,,,,,,,,,,,,,
c29n,c,6/24/2021,Prattville,r1-5,Corn 4,f,n,n,n,,,,,,,,,,,0,,,,30,,3,81,74,0.913580247,76,71,0.934210526,78,77,0.987179487,,,,,,,,,,,,,,,,,,,,,,,,,,,,,,,0.944990087
c30n,c,6/24/2021,Prattville,r12-2,Corn 2,m,n,n,n,,,,,,,,,,,0,,,,46,,,,,,,,,,,,,,,,,,,,,,,,,,,,,,,,,,,,,,,,,,
c31n,c,6/24/2021,Prattville,r12-5,Corn 2,f,y,n,n,,,,,,,,,,,0,,,,77,,9,44,42,0.954545455,23,20,0.869565217,100,100,1,99,96,0.96969697,60,50,0.833333333,85,84,0.988235294,57,50,0.877192982,60,58,0.966666667,6,4,0.666666667,,,,,,,,,,,,,0.902878065
c32n,c,6/24/2021,Prattville,r12-5,Corn 2,m,y,n,n,,,,,,,,,,,0,,,,50,,,,,,,,,,,,,,,,,,,,,,,,,,,,,,,,,,,,,,,,,,
c33p,c,6/24/2021,Prattville,r1-2,Corn 2,m,y,y,y,2,,1,1,,,,,,,0,,,,,,,,,,,,,,,,,,,,,,,,,,,,,,,,,,,,,,,,,,,,,,
c34n,c,6/24/2021,Prattville,r1-2,Corn 2,f,y,y,n,,,,,,,,,,,0,,,,,,,,,,,,,,,,,,,,,,,,,,,,,,,,,,,,,,,,,,,,,,
c35p,c,6/24/2021,Prattville,r12-1,Corn 2,m,y,n,y,2,,,,,,,,2,,1,5,13,1,6,1,,,,,,,,,,,,,,,,,,,,,,,,,,,,,,,,,,,,,,,,,
c36p,c,6/24/2021,Prattville,r12-1,Corn 2,f,y,n,y,1,,,1,,,,,,,1,8,,1,9,0,,,,,,,,,,,,,,,,,,,,,,,,,,,,,,,,,,,,,,,,,
c37p,c,6/24/2021,Prattville,r24-1,Corn 2,m,y,y,y,2,,,2,,,,,,,1,4,,0,4,0,,,,,,,,,,,,,,,,,,,,,,,,,,,,,,,,,,,,,,,,,
c38n,c,6/24/2021,Prattville,r24-1,Corn 2,f,y,n,n,,,,,,,,,,,0,,,,27,,2,98,96,0.979591837,80,76,0.95,,,,,,,,,,,,,,,,,,,,,,,,,,,,,,,,,,0.964795918
c39p,c,6/24/2021,Prattville,r24-1,Corn 2,m,y,y,y,3,2,,1,,,,,,,0,,,,,,,,,,,,,,,,,,,,,,,,,,,,,,,,,,,,,,,,,,,,,,
c40p,c,6/24/2021,Prattville,r24-1,Corn 2,f,y,n,y,1,,,1,,,,,,,1,4,,40,44,0,,,,,,,,,,,,,,,,,,,,,,,,,,,,,,,,,,,,,,,,,
c41n,c,6/24/2021,Prattville,r24-4,Corn 2,f,y,n,n,,,,,,,,,,,0,,,,21,,2,50,17,0.34,4,0,0,,,,,,,,,,,,,,,,,,,,,,,,,,,,,,,,,,0.17
c42n,c,6/24/2021,Prattville,r24-4,Corn 2,m,y,y,n,,,,,,,,,,,0,,,,,,,,,,,,,,,,,,,,,,,,,,,,,,,,,,,,,,,,,,,,,,
c43p,c,6/24/2021,Prattville,r22-4,Corn 3,f,n,n,y,1,,,,,,,,,1,1,8,,0,8,0,,,,,,,,,,,,,,,,,,,,,,,,,,,,,,,,,,,,,,,,,
c44p,c,6/24/2021,Prattville,r24-1,Corn 4,f,y,n,y,2,,2,,,,,,,,1,5,14,1,6,1,,,,,,,,,,,,,,,,,,,,,,,,,,,,,,,,,,,,,,,,,
c45n,c,6/24/2021,Prattville,r24-1,Corn 4,m,y,y,n,,,,,,,,,,,0,,,,,,,,,,,,,,,,,,,,,,,,,,,,,,,,,,,,,,,,,,,,,,
c46p,c,6/24/2021,Prattville,r12-4,Corn 4,m,n,n,y,2,,,1,,,,,,1,1,8,,2,10,0,,,,,,,,,,,,,,,,,,,,,,,,,,,,,,,,,,,,,,,,,
c47n,c,6/24/2021,Prattville,r12-1,Corn 2,f,n,n,n,,,,,,,,,,,0,,,,40,,5,80,79,0.9875,102,99,0.970588235,31,31,1,57,57,1,64,41,0.640625,,,,,,,,,,,,,,,,,,,,,,,,,0.919742647
c48p,c,6/24/2021,Prattville,r24-1,Corn 4,f,y,n,y,1,,1,,,,,,,,1,15,,18,33,0,1,104,103,0.990384615,,,,,,,,,,,,,,,,,,,,,,,,,,,,,,,,,,,,,0.990384615
c49p,c,6/24/2021,Prattville,r24-1,Corn 4,m,y,y,y,2,1,,1,,,,,,,1,4,14,0,4,1,,,,,,,,,,,,,,,,,,,,,,,,,,,,,,,,,,,,,,,,,
c50n,c,6/24/2021,Prattville,r1-3,Corn 1,f,n,n,n,,,,,,,,,,,0,,,,39,,,,,,,,,,,,,,,,,,,,,,,,,,,,,,,,,,,,,,,,,,
c51n,c,6/24/2021,Prattville,r1-3,Corn 1,f,n,n,n,,,,,,,,,,,0,,,,5,,,,,,,,,,,,,,,,,,,,,,,,,,,,,,,,,,,,,,,,,,
c52n,c,6/24/2021,Prattville,r1-3,Corn 1,f,y,n,n,,,,,,,,,,,0,,,,16,,1,86,67,0.779069767,,,,,,,,,,,,,,,,,,,,,,,,,,,,,,,,,,,,,0.779069767
c53p,c,6/24/2021,Prattville,r1-3,Corn 1,m,y,n,y,1,,,,,,,,1,,1,12,13,2,14,1,,,,,,,,,,,,,,,,,,,,,,,,,,,,,,,,,,,,,,,,,
c54p,c,6/24/2021,Prattville,r1-3,Corn 1,m,y,n,y,1,1,,,,,,,,,1,8,,1,9,0,,,,,,,,,,,,,,,,,,,,,,,,,,,,,,,,,,,,,,,,,
c55p,c,6/24/2021,Prattville,r1-3,Corn 1,f,y,n,y,1,,,,,1,,,,,0,,,,106,,9,73,73,1,88,87,0.988636364,75,65,0.866666667,74,71,0.959459459,88,85,0.965909091,90,82,0.911111111,57,50,0.877192982,67,64,0.955223881,15,0,0,,,,,,,,,,,,,0.836022173
c56n,c,6/24/2021,Prattville,r23-1,Corn 1,m,y,y,n,,,,,,,,,,,0,,,,,,,,,,,,,,,,,,,,,,,,,,,,,,,,,,,,,,,,,,,,,,
c57n,c,6/24/2021,Prattville,r23-1,Corn 1,f,y,y,n,,,,,,,,,,,0,,,,,,,,,,,,,,,,,,,,,,,,,,,,,,,,,,,,,,,,,,,,,,
c58n,c,6/24/2021,Prattville,r4-4,Corn 1,f,y,n,n,,,,,,,,,,,0,,,,32,,4,44,16,0.363636364,47,41,0.872340426,81,81,1,92,91,0.989130435,,,,,,,,,,,,,,,,,,,,,,,,,,,,0.806276806
c59p,c,6/24/2021,Prattville,r4-4,Corn 1,m,y,n,y,1,,,,,1,,,,,1,12,,1,13,0,,,,,,,,,,,,,,,,,,,,,,,,,,,,,,,,,,,,,,,,,
c60p,c,6/24/2021,Prattville,r4-1,Corn 1,m,y,n,y,1,,,1,,,,,,,0,,,,25,,,,,,,,,,,,,,,,,,,,,,,,,,,,,,,,,,,,,,,,,,
c61p,c,6/24/2021,Prattville,r4-1,Corn 1,f,y,n,y,1,,,1,,,,,,,1,9,13,1,10,1,,,,,,,,,,,,,,,,,,,,,,,,,,,,,,,,,,,,,,,,,
c62n,c,6/24/2021,Prattville,r4-3,Corn 1,f,n,n,n,,,,,,,,,,,0,,,,56,,6,41,38,0.926829268,63,58,0.920634921,66,63,0.954545455,24,13,0.541666667,44,33,0.75,13,0,0,,,,,,,,,,,,,,,,,,,,,,0.682279385
c63n,c,6/24/2021,Prattville,r4-3,Corn 1,f,n,y,n,,,,,,,,,,,0,,,,,,,,,,,,,,,,,,,,,,,,,,,,,,,,,,,,,,,,,,,,,,
c64n,c,6/24/2021,Prattville,r4-2,Corn 1,m,n,n,n,,,,,,,,,,,0,,,,68,,,,,,,,,,,,,,,,,,,,,,,,,,,,,,,,,,,,,,,,,,
c65p,c,6/24/2021,Prattville,r4-2,Corn 1,m,n,y,y,3,,2,1,,,,,,,0,,,,,,,,,,,,,,,,,,,,,,,,,,,,,,,,,,,,,,,,,,,,,,
c66n,c,6/24/2021,Prattville,r1-3,Corn 1,m,y,n,n,,,,,,,,,,,0,,,,113,,,,,,,,,,,,,,,,,,,,,,,,,,,,,,,,,,,,,,,,,,
c67p,c,6/24/2021,Prattville,r1-3,Corn 1,f,y,n,y,1,1,,,,,,,,,0,,,,11,,,,,,,,,,,,,,,,,,,,,,,,,,,,,,,,,,,,,,,,,,
c68p,c,6/24/2021,Prattville,r1-2,Corn 5,f,n,n,y,2,,,,,,,,1,1,0,,,,75,,,,,,,,,,,,,,,,,,,,,,,,,,,,,,,,,,,,,,,,,,
c69n,c,6/24/2021,Prattville,r1-5,Corn 2,m,n,n,n,,,,,,,,,,,0,,,,10,,,,,,,,,,,,,,,,,,,,,,,,,,,,,,,,,,,,,,,,,,
c70n,c,6/24/2021,Prattville,r1-5,Corn 2,m,n,n,n,,,,,,,,,,,0,,,,16,,,,,,,,,,,,,,,,,,,,,,,,,,,,,,,,,,,,,,,,,,
c71n,c,6/24/2021,Prattville,r1-2,Corn 1,m,n,n,n,,,,,,,,,,,0,,,,84,,,,,,,,,,,,,,,,,,,,,,,,,,,,,,,,,,,,,,,,,,
c72p,c,6/24/2021,Prattville,r1-3,Corn 5,m,y,y,y,2,,,1,,,,,,1,0,,,,,,,,,,,,,,,,,,,,,,,,,,,,,,,,,,,,,,,,,,,,,,
c73n,c,6/24/2021,Prattville,r1-3,Corn 5,f,y,y,n,,,,,,,,,,,0,,,,,,,,,,,,,,,,,,,,,,,,,,,,,,,,,,,,,,,,,,,,,,
c74p,c,6/24/2021,Prattville,r1-1,Corn 1,f,n,n,y,1,,,1,,,,,,,1,8,,0,8,0,,,,,,,,,,,,,,,,,,,,,,,,,,,,,,,,,,,,,,,,,
c75n,c,6/24/2021,Prattville,r1-1,Corn 1,f,n,n,n,,,,,,,,,,,0,,,,9,,1,62,62,1,,,,,,,,,,,,,,,,,,,,,,,,,,,,,,,,,,,,,1
c76p,c,6/24/2021,Prattville,r1-2,Corn 1,f,y,n,y,2,1,,1,,,,,,,1,7,,0,7,0,,,,,,,,,,,,,,,,,,,,,,,,,,,,,,,,,,,,,,,,,
c77p,c,6/24/2021,Prattville,r1-2,Corn 1,m,y,n,y,1,,,1,,,,,,,1,5,,1,6,0,,,,,,,,,,,,,,,,,,,,,,,,,,,,,,,,,,,,,,,,,
c78n,c,6/24/2021,Prattville,r1-5,Corn 1,f,y,n,n,,,,,,,,,,,0,,,,82,,10,112,107,0.955357143,86,84,0.976744186,99,97,0.97979798,24,9,0.375,19,3,0.157894737,75,43,0.573333333,17,0,0,37,0,0,39,0,0,67,0,0,,,,,,,,,,0.401812738
c79p,c,6/24/2021,Prattville,r1-5,Corn 1,m,y,n,y,1,,,1,,,,,,,1,7,,,,0,,,,,,,,,,,,,,,,,,,,,,,,,,,,,,,,,,,,,,,,,
c80n,c,6/24/2021,Prattville,r1-1,Corn 1,m,n,n,n,,,,,,,,,,,0,,,,75,,,,,,,,,,,,,,,,,,,,,,,,,,,,,,,,,,,,,,,,,,
c81p,c,6/24/2021,Prattville,r1-1,Corn 1,f,n,y,y,1,,,1,,,,,,,0,,,,,,,,,,,,,,,,,,,,,,,,,,,,,,,,,,,,,,,,,,,,,,
c82p,c,6/24/2021,Prattville,r1-1,Corn 1,m,n,y,y,2,,2,,,,,,,,0,,,,,,,,,,,,,,,,,,,,,,,,,,,,,,,,,,,,,,,,,,,,,,
c83n,c,6/24/2021,Prattville,r1-4,Corn 1,f,n,n,n,,,,,,,,,,,0,,,,61,,3,89,0,0,62,0,0,39,0,0,,,,,,,,,,,,,,,,,,,,,,,,,,,,,,,0
c84p,c,6/24/2021,Prattville,r1-4,Corn 1,m,n,n,y,1,,,1,,,,,,,1,5,13,1,6,1,,,,,,,,,,,,,,,,,,,,,,,,,,,,,,,,,,,,,,,,,
c85n,c,6/24/2021,Prattville,r1-4,Corn 1,m,n,y,n,,,,,,,,,,,0,,,,,,,,,,,,,,,,,,,,,,,,,,,,,,,,,,,,,,,,,,,,,,
c86p,c,6/24/2021,Prattville,r1-1,Corn 1,f,y,n,y,3,1,1,,,,,,,1,1,8,,2,10,0,,,,,,,,,,,,,,,,,,,,,,,,,,,,,,,,,,,,,,,,,
c87p,c,6/24/2021,Prattville,r1-1,Corn 1,m,y,n,y,1,`,,,,,,,,1,0,,,,29,,3,31,28,0.903225806,61,58,0.950819672,66,64,0.96969697,,,,,,,,,,,,,,,,,,,,,,,,,,,,,,,0.941247483
c88n,c,6/24/2021,Prattville,r23-2,Corn BF,f,n,n,n,,,,,,,,,,,,,,,,,,,,,,,,,,,,,,,,,,,,,,,,,,,,,,,,,,,,,,,,,
c89n,c,6/24/2021,Prattville,r23-1,Corn BF,m,n,n,n,,,,,,,,,,,0,,,,64,,,,,,,,,,,,,,,,,,,,,,,,,,,,,,,,,,,,,,,,,,
c90p,c,6/24/2021,Prattville,r23-1,Corn BF,f,y,n,y,1,1,,,,,,,,,0,,,,33,,4,25,25,1,55,52,0.945454545,87,86,0.988505747,85,84,0.988235294,,,,,,,,,,,,,,,,,,,,,,,,,,,,0.980548897
c91p,c,6/24/2021,Prattville,r23-1,Corn BF,m,y,n,y,4,2,1,1,,,,,,,0,,,,6,,,,,,,,,,,,,,,,,,,,,,,,,,,,,,,,,,,,,,,,,,
c92p,c,6/24/2021,Prattville,r16-2,Corn BF,m,n,y,y,1,,,,,,,1,,,1,4,,0,4,0,,,,,,,,,,,,,,,,,,,,,,,,,,,,,,,,,,,,,,,,,
c93p,c,6/24/2021,Prattville,r4-1,Corn 1,f,y,n,y,2,,1,1,,,,,,,1,9,13,1,10,1,,,,,,,,,,,,,,,,,,,,,,,,,,,,,,,,,,,,,,,,,
c94p,c,6/24/2021,Prattville,r4-1,Corn 1,m,y,y,y,1,,,,,,,,1,,0,,,,,,,,,,,,,,,,,,,,,,,,,,,,,,,,,,,,,,,,,,,,,,
c95n,c,6/24/2021,Prattville,r23-5,Corn 1,f,n,n,n,,,,,,,,,,,0,,,,34,,3,71,71,1,71,71,1,61,60,0.983606557,,,,,,,,,,,,,,,,,,,,,,,,,,,,,,,0.994535519
c96n,c,6/24/2021,Prattville,r23-5,Corn 1,m,n,n,n,,,,,,,,,,,0,,,,9,,,,,,,,,,,,,,,,,,,,,,,,,,,,,,,,,,,,,,,,,,
c97n,c,6/24/2021,Prattville,r23-5,Corn 1,f,n,n,n,,,,,,,,,,,0,,,,77,,8,66,41,0.621212121,72,36,0.5,74,22,0.297297297,25,0,0,72,37,0.513888889,48,0,0,58,0,0,52,0,0,,,,,,,,,,,,,,,,0.241549788
c98n,c,6/24/2021,Prattville,r23-5,Corn 1,f,n,y,n,,,,,,,,,,,0,,,,,,,,,,,,,,,,,,,,,,,,,,,,,,,,,,,,,,,,,,,,,,
c99p,c,6/24/2021,Prattville,r23-5,Corn 1,m,n,n,y,1,,1,,,,,,,,1,5,,1,6,0,,,,,,,,,,,,,,,,,,,,,,,,,,,,,,,,,,,,,,,,,
c100n,c,6/24/2021,Prattville,r23-5,Corn 1,m,n,n,n,,,,,,,,,,,0,,,,5,,,,,,,,,,,,,,,,,,,,,,,,,,,,,,,,,,,,,,,,,,
c101n,c,6/24/2021,Prattville,r23-2,Corn 1,f,n,y,n,,,,,,,,,,,0,,,,,,,,,,,,,,,,,,,,,,,,,,,,,,,,,,,,,,,,,,,,,,
c102n,c,6/24/2021,Prattville,r23-2,Corn 1,f,n,n,n,,,,,,,,,,,0,,,,43,,4,59,59,1,50,47,0.94,75,71,0.946666667,60,20,0.333333333,,,,,,,,,,,,,,,,,,,,,,,,,,,,0.805
c103n,c,6/24/2021,Prattville,r4-1,Corn 1,m,n,n,n,,,,,,,,,,,0,,,,54,,,,,,,,,,,,,,,,,,,,,,,,,,,,,,,,,,,,,,,,,,
c104p,c,6/24/2021,Prattville,r23-2,Corn 1,f,n,n,y,1,,,1,,,,,,,1,11,,1,12,0,,,,,,,,,,,,,,,,,,,,,,,,,,,,,,,,,,,,,,,,,
c105p,c,6/24/2021,Prattville,r23-2,Corn 1,m,n,n,y,2,,,2,,,,,,,1,8,,0,8,0,,,,,,,,,,,,,,,,,,,,,,,,,,,,,,,,,,,,,,,,,
c106n,c,6/24/2021,Prattville,r23-2,Corn BF,m,n,n,n,,,,,,,,,,,1,5,,2,7,0,,,,,,,,,,,,,,,,,,,,,,,,,,,,,,,,,,,,,,,,,
c107n,c,6/24/2021,Prattville,r1-3,Corn BF,m,n,n,n,,,,,,,,,,,0,,,,5,,,,,,,,,,,,,,,,,,,,,,,,,,,,,,,,,,,,,,,,,,
c108n,c,6/24/2021,Prattville,r1-3,Corn BF,f,y,n,n,,,,,,,,,,,0,,,,57,,5,51,47,0.921568627,54,52,0.962962963,65,64,0.984615385,29,29,1,9,2,0.222222222,,,,,,,,,,,,,,,,,,,,,,,,,0.818273839
c109p,c,6/24/2021,Prattville,r1-3,Corn BF,m,y,n,y,1,1,,,,,,,,,0,,,,60,,,,,,,,,,,,,,,,,,,,,,,,,,,,,,,,,,,,,,,,,,
c110n,c,6/24/2021,Prattville,r1-5,Corn BF,m,y,n,n,,,,,,,,,,,0,,,,47,,,,,,,,,,,,,,,,,,,,,,,,,,,,,,,,,,,,,,,,,,
c111n,c,6/24/2021,Prattville,r1-5,Corn BF,f,y,y,n,,,,,,,,,,,0,,,,,,,,,,,,,,,,,,,,,,,,,,,,,,,,,,,,,,,,,,,,,,
c112p,c,6/24/2021,Prattville,r1-3,Corn BF,f,n,n,y,1,,,,,,,1,,,1,15,,9,24,0,,,,,,,,,,,,,,,,,,,,,,,,,,,,,,,,,,,,,,,,,
c113n,c,6/24/2021,Prattville,r1-2,Corn BF,f,y,n,n,,,,,,,,,,,0,,,,77,,9,48,47,0.979166667,82,80,0.975609756,82,82,1,85,75,0.882352941,77,66,0.857142857,45,30,0.666666667,41,15,0.365853659,33,2,0.060606061,,,,,,,,,,,,,,,,0.64304429
c114n,c,6/24/2021,Prattville,r1-2,Corn BF,m,y,n,n,,,,,,,,,,,,,,,,,,,,,,,,,,,,,,,,,,,,,,,,,,,,,,,,,,,,,,,,,
c115n,c,6/24/2021,Prattville,r4-4,Corn 1,m,n,y,n,,,,,,,,,,,0,,,,,,,,,,,,,,,,,,,,,,,,,,,,,,,,,,,,,,,,,,,,,,
c116n,c,6/24/2021,Prattville,r4-1,Corn 1,f,n,n,n,,,,,,,,,,,0,,,,75,,5,112,0,0,90,0,0,88,0,0,144,0,0,73,0,0,30,0,0,,,,,,,,,,,,,,,,,,,,,,0
c117n,c,6/24/2021,Prattville,r4-1,Corn 1,m,n,n,n,,,,,,,,,,,0,,,,110,,,,,,,,,,,,,,,,,,,,,,,,,,,,,,,,,,,,,,,,,,
c118n,c,6/24/2021,Prattville,r4-1,Corn 1,m,n,n,n,,,,,,,,,,,0,,,,89,,,,,,,,,,,,,,,,,,,,,,,,,,,,,,,,,,,,,,,,,,
c119p,c,6/24/2021,Prattville,r4-1,Corn 1,f,n,y,y,2,,,1,,,,1,,,0,,,,,,,,,,,,,,,,,,,,,,,,,,,,,,,,,,,,,,,,,,,,,,
c120n,c,6/24/2021,Prattville,r1-3,Corn BF,f,y,n,n,,,,,,,,,,,0,,,,82,,5,57,48,0.842105263,81,80,0.987654321,103,103,1,47,40,0.85106383,45,39,0.866666667,,,,,,,,,,,,,,,,,,,,,,,,,0.909498016
c121p,c,6/24/2021,Prattville,r1-3,Corn BF,m,y,y,y,1,,,,,,,1,,,0,,,,,,,,,,,,,,,,,,,,,,,,,,,,,,,,,,,,,,,,,,,,,,
c122p,c,6/24/2021,Prattville,r23-5,Corn 1,m,y,n,y,2,1,,1,,,,,,,1,7,13,3,10,1,,,,,,,,,,,,,,,,,,,,,,,,,,,,,,,,,,,,,,,,,
c123n,c,6/24/2021,Prattville,r23-5,Corn 1,f,y,n,n,,,,,,,,,,,0,,,,32,,3,72,60,0.833333333,73,59,0.808219178,57,44,0.771929825,,,,,,,,,,,,,,,,,,,,,,,,,,,,,,,0.804494112
c124n,c,6/24/2021,Prattville,r23-5,Corn 1,f,y,n,n,,,,,,,,,,,0,,,,5,,,,,,,,,,,,,,,,,,,,,,,,,,,,,,,,,,,,,,,,,,
c125n,c,6/24/2021,Prattville,r23-5,Corn 1,m,y,n,n,,,,,,,,,,,,,,,,,,,,,,,,,,,,,,,,,,,,,,,,,,,,,,,,,,,,,,,,,
c126n,c,6/24/2021,Prattville,r23-3,Corn 1,f,n,n,n,,,,,,,,,,,0,,,,38,,7,76,72,0.947368421,64,0,0,42,39,0.928571429,40,37,0.925,87,53,0.609195402,44,0,0,14,0,0,,,,,,,,,,,,,,,,,,,0.487162179
c127n,c,6/24/2021,Prattville,r23-3,Corn 1,f,n,n,n,,,,,,,,,,,0,,,,89,,9,100,99,0.99,94,94,1,87,86,0.988505747,25,25,1,82,77,0.93902439,55,49,0.890909091,35,13,0.371428571,22,17,0.772727273,59,50,0.847457627,,,,,,,,,,,,,0.866672522
c128p,c,6/24/2021,Prattville,r23-3,Corn 1,m,n,n,y,1,,1,,,,,,,,1,6,,0,6,0,,,,,,,,,,,,,,,,,,,,,,,,,,,,,,,,,,,,,,,,,
c129n,c,6/24/2021,Prattville,r22-3,Corn 3,f,y,n,n,,,,,,,,,,,0,,,,8,,1,90,85,0.944444444,,,,,,,,,,,,,,,,,,,,,,,,,,,,,,,,,,,,,0.944444444
c130p,c,6/24/2021,Prattville,r22-3,Corn 3,m,y,n,y,1,,,1,,,,,,,1,12,14,1,13,1,,,,,,,,,,,,,,,,,,,,,,,,,,,,,,,,,,,,,,,,,
c131n,c,6/24/2021,Prattville,r23-2,Corn 1,f,y,n,n,,,,,,,,,,,0,,,,5,,,,,,,,,,,,,,,,,,,,,,,,,,,,,,,,,,,,,,,,,,
c132n,c,6/24/2021,Prattville,r23-2,Corn 1,m,y,y,n,,,,,,,,,,,0,,,,,,,,,,,,,,,,,,,,,,,,,,,,,,,,,,,,,,,,,,,,,,
c133n,c,6/24/2021,Prattville,r12-3,Corn 2,f,n,n,n,,,,,,,,,,,0,,,,44,,4,3,0,0,38,0,0,90,0,0,46,0,0,,,,,,,,,,,,,,,,,,,,,,,,,,,,0
c134p,c,6/24/2021,Prattville,r28-2,Corn 5,m,n,y,y,1,,,1,,,,,,,0,,,,,,,,,,,,,,,,,,,,,,,,,,,,,,,,,,,,,,,,,,,,,,
c135n,c,6/24/2021,Prattville,r28-5,Corn 5,f,n,y,n,,,,,,,,,,,0,,,,,,,,,,,,,,,,,,,,,,,,,,,,,,,,,,,,,,,,,,,,,,
c136p,c,6/24/2021,Prattville,r24-5,Corn 5,f,n,n,y,1,,,1,,,,,,,1,4,,1,5,0,,,,,,,,,,,,,,,,,,,,,,,,,,,,,,,,,,,,,,,,,
c137n,c,6/24/2021,Prattville,r1-4,Corn BF,f,n,n,n,,,,,,,,,,,0,,,,8,,1,71,62,0.873239437,,,,,,,,,,,,,,,,,,,,,,,,,,,,,,,,,,,,,0.873239437
c138p,c,6/24/2021,Prattville,r1-5,Corn BF,m,n,n,y,3,,,3,,,,,,,1,7,,1,8,0,,,,,,,,,,,,,,,,,,,,,,,,,,,,,,,,,,,,,,,,,
c139n,c,6/24/2021,Prattville,r1-4,Corn 5,m,y,n,n,,,,,,,,,,,0,,,,48,,,,,,,,,,,,,,,,,,,,,,,,,,,,,,,,,,,,,,,,,,
c140p,c,6/24/2021,Prattville,r1-4,Corn 5,f,y,n,y,1,,1,,,,,,,,0,,,,5,,,,,,,,,,,,,,,,,,,,,,,,,,,,,,,,,,,,,,,,,,
c141p,c,6/24/2021,Prattville,r28-5,Corn 5,f,n,n,y,2,1,1,,,,,,,,0,,,,8,,,,,,,,,,,,,,,,,,,,,,,,,,,,,,,,,,,,,,,,,,
c142n,c,6/24/2021,Prattville,r4-5,Corn 1,m,y,n,n,,,,,,,,,,,1,8,13,2,10,1,,,,,,,,,,,,,,,,,,,,,,,,,,,,,,,,,,,,,,,,,
c143n,c,6/24/2021,Prattville,r4-5,Corn 1,f,y,n,n,,,,,,,,,,,,,,,,,9,49,0,0,10,0,0,18,0,0,25,0,0,52,0,0,9,0,0,57,0,0,47,0,0,74,0,0,,,,,,,,,,,,,0
c144n,c,6/24/2021,Prattville,r4-5,Corn 1,f,n,n,n,,,,,,,,,,,0,,,,78,,5,13,0,0,85,0,0,90,0,0,60,0,0,62,0,0,,,,,,,,,,,,,,,,,,,,,,,,,0
c145n,c,6/24/2021,Prattville,r23-1,Corn 1,m,n,n,n,,,,,,,,,,,0,,,,5,,,,,,,,,,,,,,,,,,,,,,,,,,,,,,,,,,,,,,,,,,
c146n,c,6/24/2021,Prattville,r24-1,Corn 4,m,y,n,n,,,,,,,,,,,0,,,,77,,,,,,,,,,,,,,,,,,,,,,,,,,,,,,,,,,,,,,,,,,
c147n,c,6/24/2021,Prattville,r24-1,Corn 4,f,y,n,n,,,,,,,,,,,0,,,,17,,2,68,51,0.75,38,8,0.210526316,,,,,,,,,,,,,,,,,,,,,,,,,,,,,,,,,,0.480263158
c148p,c,6/24/2021,Prattville,r24-2,Corn 2,m,y,n,y,1,,1,,,,,,,,1,8,12,1,9,1,,,,,,,,,,,,,,,,,,,,,,,,,,,,,,,,,,,,,,,,,
c149p,c,6/24/2021,Prattville,r24-2,Corn 2,f,y,n,y,1,,,1,,,,,,,1,19,12,1,20,1,,,,,,,,,,,,,,,,,,,,,,,,,,,,,,,,,,,,,,,,,
d1p,d,6/30/2021,Prattville,r24-2,Corn 1,m,n,y,y,4,1,3,,,,,,,,1,2,12,0,2,1,,,,,,,,,,,,,,,,,,,,,,,,,,,,,,,,,,,,,,,,,
d2p,d,6/30/2021,Prattville,r24-53,Corn 1,m,n,n,y,4,,,3,,,,,1,,1,3,13,0,3,1,,,,,,,,,,,,,,,,,,,,,,,,,,,,,,,,,,,,,,,,,
d3p,d,6/30/2021,Prattville,r24-53,Corn 1,m,n,n,y,9,,1,4,1,,1,1,,1,1,6,,0,6,0,,,,,,,,,,,,,,,,,,,,,,,,,,,,,,,,,,,,,,,,,
d4p,d,6/30/2021,Prattville,r8-54,Corn 1,f,n,n,y,2,,,1,,,,1,,,1,14,,0,14,0,,,,,,,,,,,,,,,,,,,,,,,,,,,,,,,,,,,,,,,,,
d5n,d,6/30/2021,Prattville,r8-54,Corn 1,f,n,n,n,,,,,,,,,,,0,,,,23,,3,79,79,1,60,60,1,51,48,0.941176471,,,,,,,,,,,,,,,,,,,,,,,,,,,,,,,0.980392157
d6p,d,6/30/2021,Prattville,r8-54,Corn 1,f,n,n,y,2,,1,1,,,,,,,1,2,,1,3,0,,,,,,,,,,,,,,,,,,,,,,,,,,,,,,,,,,,,,,,,,
d7p,d,6/30/2021,Prattville,r24-4,Corn 1,f,n,n,y,1,,,1,,,,,,,0,,,,7,,,,,,,,,,,,,,,,,,,,,,,,,,,,,,,,,,,,,,,,,,
d8p,d,6/30/2021,Prattville,r8-51,Corn 1,m,y,n,y,3,,1,,,,,1,,1,0,,,,9,,,,,,,,,,,,,,,,,,,,,,,,,,,,,,,,,,,,,,,,,,
d9n,d,6/30/2021,Prattville,r8-51,Corn 1,f,y,n,n,,,,,,,,,,,0,,,,3,,,,,,,,,,,,,,,,,,,,,,,,,,,,,,,,,,,,,,,,,,
d10n,d,6/30/2021,Prattville,r8-52,Corn 1,f,y,n,n,,,,,,,,,,,0,,,,30,,3,66,66,1,92,92,1,9,9,1,,,,,,,,,,,,,,,,,,,,,,,,,,,,,,,1
d11n,d,6/30/2021,Prattville,r8-52,Corn 1,m,y,n,n,,,,,,,,,,,0,,,,76,,,,,,,,,,,,,,,,,,,,,,,,,,,,,,,,,,,,,,,,,,
d12p,d,6/30/2021,Prattville,r8-51,Corn 1,m,n,n,y,2,,1,1,,,,,,,1,13,13,1,14,1,,,,,,,,,,,,,,,,,,,,,,,,,,,,,,,,,,,,,,,,,
d13p,d,6/30/2021,Prattville,r24-2,Corn 1,f,n,n,y,1,,1,,,,,,,,1,12,,2,14,0,1,65,63,0.969230769,,,,,,,,,,,,,,,,,,,,,,,,,,,,,,,,,,,,,0.969230769
d14p,d,6/30/2021,Prattville,r24-3,Corn 2,m,n,n,y,1,,,1,,,,,,,1,14,13,,16,1,,,,,,,,,,,,,,,,,,,,,,,,,,,,,,,,,,,,,,,,,
d15p,d,6/30/2021,Prattville,r12-1,Corn 2,f,n,n,y,3,,,1,,,,2,,,1,5,13,0,5,1,,,,,,,,,,,,,,,,,,,,,,,,,,,,,,,,,,,,,,,,,
d16p,d,6/30/2021,Prattville,r12-4,Corn 2,f,y,n,y,1,,,,1,,,,,,1,17,12,,18,1,1,52,45,0.865384615,,,,,,,,,,,,,,,,,,,,,,,,,,,,,,,,,,,,,0.865384615
d17p,d,6/30/2021,Prattville,r12-4,Corn 2,m,y,n,y,4,,1,2,,,,1,,,1,2,13,0,3,1,,,,,,,,,,,,,,,,,,,,,,,,,,,,,,,,,,,,,,,,,
d18n,d,6/30/2021,Prattville,r12-4,Corn 2,f,n,n,n,,,,,,,,,,,0,,,,97,,8,96,85,0.885416667,116,72,0.620689655,79,38,0.481012658,68,7,0.102941176,42,0,0,55,0,0,61,0,0,26,0,0,,,,,,,,,,,,,,,,0.26125752
d19p,d,6/30/2021,Prattville,r24-4,Corn 2,f,y,n,y,1,,1,,,,,,,,0,,,,17,,2,61,56,0.918032787,41,41,1,,,,,,,,,,,,,,,,,,,,,,,,,,,,,,,,,,0.959016393
d20p,d,6/30/2021,Prattville,r24-4,Corn 2,m,y,n,y,1,,1,,,,,,,,1,16,13,,17,1,,,,,,,,,,,,,,,,,,,,,,,,,,,,,,,,,,,,,,,,,
d21p,d,6/30/2021,Prattville,r1-1,Corn 2,m,n,n,y,7,,2,2,,,,2,,1,0,,,,3,,,,,,,,,,,,,,,,,,,,,,,,,,,,,,,,,,,,,,,,,,
d22n,d,6/30/2021,Prattville,r1-3,Corn 2,f,n,n,n,,,,,,,,,,,1,3,13,1,4,1,,,,,,,,,,,,,,,,,,,,,,,,,,,,,,,,,,,,,,,,,
d23p,d,6/30/2021,Prattville,r24-2,Corn 2,f,y,n,y,1,,,1,,,,,,,0,,,,22,,2,86,74,0.860465116,34,25,0.735294118,,,,,,,,,,,,,,,,,,,,,,,,,,,,,,,,,,0.797879617
d24p,d,6/30/2021,Prattville,r24-2,Corn 2,m,y,n,y,2,,,,,,,1,,1,1,2,13,1,3,1,,,,,,,,,,,,,,,,,,,,,,,,,,,,,,,,,,,,,,,,,
d25n,d,6/30/2021,Prattville,r12-3,Corn 2,m,n,n,n,,,,,,,,,,,0,,,,58,,,,,,,,,,,,,,,,,,,,,,,,,,,,,,,,,,,,,,,,,,
d26p,d,6/30/2021,Prattville,r12-3,Corn 2,m,n,n,y,1,1,,,,,,,,,1,4,14,2,6,1,,,,,,,,,,,,,,,,,,,,,,,,,,,,,,,,,,,,,,,,,
d27p,d,6/30/2021,Prattville,r12-4,Corn 2,m,n,n,y,3,,,3,,,,,,,1,12,,1,13,0,,,,,,,,,,,,,,,,,,,,,,,,,,,,,,,,,,,,,,,,,
d28n,d,6/30/2021,Prattville,r1-4,Corn 2,f,n,n,n,,,,,,,,,,,0,,,,44,,4,65,62,0.953846154,75,67,0.893333333,11,8,0.727272727,23,20,0.869565217,,,,,,,,,,,,,,,,,,,,,,,,,,,,0.861004358
d29p,d,6/30/2021,Prattville,r24-3,Corn 2,f,n,n,y,3,,1,2,,,,,,,0,,,,10,,,,,,,,,,,,,,,,,,,,,,,,,,,,,,,,,,,,,,,,,,
d30p,d,6/30/2021,Prattville,r24-4,Corn 2,f,y,n,y,1,1,,,,,,,,,1,19,12,1,20,1,,,,,,,,,,,,,,,,,,,,,,,,,,,,,,,,,,,,,,,,,
d31n,d,6/30/2021,Prattville,r24-4,Corn 2,m,y,y,n,,,,,,,,,,,0,,,,,,,,,,,,,,,,,,,,,,,,,,,,,,,,,,,,,,,,,,,,,,
d32p,d,6/30/2021,Prattville,r24-1,Corn 2,m,y,n,y,4,,1,,,,,2,1,,1,4,,0,4,0,,,,,,,,,,,,,,,,,,,,,,,,,,,,,,,,,,,,,,,,,
d33n,d,6/30/2021,Prattville,r24-1,Corn 2,f,y,n,n,,,,,,,,,,,0,,,,62,,2,55,0,0,53,0,0,,,,,,,,,,,,,,,,,,,,,,,,,,,,,,,,,,0
d34p,d,6/30/2021,Prattville,r24-4,Corn 2,f,y,n,y,1,,,,,,,,,1,0,,,,48,,5,84,80,0.952380952,70,69,0.985714286,45,44,0.977777778,70,69,0.985714286,15,8,0.533333333,,,,,,,,,,,,,,,,,,,,,,,,,0.886984127
d35p,d,6/30/2021,Prattville,r24-4,Corn 2,m,y,n,y,1,,,1,,,,,,,0,,,,62,,,,,,,,,,,,,,,,,,,,,,,,,,,,,,,,,,,,,,,,,,
d36p,d,6/30/2021,Prattville,r12-1,Corn 2,m,n,n,y,4,,1,3,,,,,,,1,2,,2,4,0,,,,,,,,,,,,,,,,,,,,,,,,,,,,,,,,,,,,,,,,,
d37n,d,6/30/2021,Prattville,r1-52,Corn 1,f,n,n,n,,,,,,,,,,,0,,,,46,,5,87,85,0.977011494,31,30,0.967741935,60,49,0.816666667,66,64,0.96969697,118,95,0.805084746,,,,,,,,,,,,,,,,,,,,,,,,,0.907240362
d38n,d,6/30/2021,Prattville,r1-52,Corn 1,f,n,n,n,,,,,,,,,,,0,,,,22,,,,,,,,,,,,,,,,,,,,,,,,,,,,,,,,,,,,,,,,,,
d39n,d,6/30/2021,Prattville,r1-52,Corn 1,f,n,n,n,,,,,,,,,,,0,,,,83,,,,,,,,,,,,,,,,,,,,,,,,,,,,,,,,,,,,,,,,,,
d40p,d,6/30/2021,Prattville,r1-54,Corn 1,m,y,n,y,3,1,,1,,,,,,1,1,14,,1,15,0,,,,,,,,,,,,,,,,,,,,,,,,,,,,,,,,,,,,,,,,,
d41n,d,6/30/2021,Prattville,r1-54,Corn 1,f,y,n,n,,,,,,,,,,,0,,,,24,,2,87,81,0.931034483,62,58,0.935483871,,,,,,,,,,,,,,,,,,,,,,,,,,,,,,,,,,0.933259177
d42p,d,6/30/2021,Prattville,r1-54,Corn 1,f,y,n,y,1,,,,,,,,,1,0,,,,64,,4,98,70,0.714285714,74,60,0.810810811,45,21,0.466666667,14,4,0.285714286,,,,,,,,,,,,,,,,,,,,,,,,,,,,0.569369369
d43p,d,6/30/2021,Prattville,r1-54,Corn 1,m,y,n,y,1,,,1,,,,,,,0,,,,3,,,,,,,,,,,,,,,,,,,,,,,,,,,,,,,,,,,,,,,,,,
d44p,d,6/30/2021,Prattville,r1-51,Corn 1,m,y,n,y,4,1,,3,,,,,,,0,,,,5,,,,,,,,,,,,,,,,,,,,,,,,,,,,,,,,,,,,,,,,,,
d45n,d,6/30/2021,Prattville,r1-51,Corn 1,f,y,n,n,,,,,,,,,,,0,,,,4,,,,,,,,,,,,,,,,,,,,,,,,,,,,,,,,,,,,,,,,,,
d46n,d,6/30/2021,Prattville,r1-54,Corn 1,f,y,n,n,,,,,,,,,,,,,,,,,4,72,63,0.875,42,27,0.642857143,76,68,0.894736842,,,,,,,,,,,,,,,,,,,,,,,,,,,,,,,0.603148496
d47p,d,6/30/2021,Prattville,r1-54,Corn 1,m,y,y,y,5,,,3,,,,,,2,0,,,,,,,,,,,,,,,,,,,,,,,,,,,,,,,,,,,,,,,,,,,,,,
d48p,d,6/29/2021,Prattville,r8-4,Corn 3,f,n,n,y,1,,1,,,,,,,,1,9,,,23,0,,,,,,,,,,,,,,,,,,,,,,,,,,,,,,,,,,,,,,,,,
d49n,d,6/29/2021,Prattville,r23-51,Corn 3,f,n,n,n,,,,,,,,,,,0,,,,10,,,,,,,,,,,,,,,,,,,,,,,,,,,,,,,,,,,,,,,,,,
d50n,d,6/30/2021,Prattville,r1-53,Corn 1,f,n,n,n,,,,,,,,,,,0,,,,24,,2,96,82,0.854166667,58,54,0.931034483,,,,,,,,,,,,,,,,,,,,,,,,,,,,,,,,,,0.892600575
d51n,d,6/30/2021,Prattville,r1-53,Corn 1,f,n,n,n,,,,,,,,,,,0,,,,11,,1,47,42,0.893617021,,,,,,,,,,,,,,,,,,,,,,,,,,,,,,,,,,,,,0.893617021
d52n,d,6/30/2021,Prattville,r1-54,Corn 1,f,y,n,n,,,,,,,,,,,0,,,,48,,6,53,36,0.679245283,18,15,0.833333333,32,0,0,42,0,0,12,0,0,37,0,0,,,,,,,,,,,,,,,,,,,,,,0.252096436
d53p,d,6/30/2021,Prattville,r1-54,Corn 1,m,y,n,y,2,,1,1,,,,,,,1,5,13,1,6,1,,,,,,,,,,,,,,,,,,,,,,,,,,,,,,,,,,,,,,,,,
d54p,d,6/30/2021,Prattville,r1-51,Corn 1,m,n,n,y,1,,1,,,,,,,,0,,,,6,,,,,,,,,,,,,,,,,,,,,,,,,,,,,,,,,,,,,,,,,,
d55n,d,6/30/2021,Prattville,r1-51,Corn 1,f,n,n,n,,,,,,,,,,,0,,,,100,,4,91,90,0.989010989,63,62,0.984126984,72,71,0.986111111,66,47,0.712121212,,,,,,,,,,,,,,,,,,,,,,,,,,,,0.917842574
d56p,d,6/29/2021,Prattville,r23-3,Corn 3,f,n,n,y,2,,,,,,,2,,,0,,,,51,,4,63,48,0.761904762,49,32,0.653061224,30,15,0.5,18,0,0,,,,,,,,,,,,,,,,,,,,,,,,,,,,0.478741497
d57n,d,6/29/2021,Prattville,r23-51,Corn 3,m,n,y,n,,,,,,,,,,,0,,,,,,,,,,,,,,,,,,,,,,,,,,,,,,,,,,,,,,,,,,,,,,
e1p,e,7/10/2021,Prattville,r24-1,Corn 2,m,n,y,y,7,0,,3,,2,,,1,1,1,3,,,,0,,,,,,,,,,,,,,,,,,,,,,,,,,,,,,,,,,,,,,,,,
e2p,e,7/10/2021,Prattville,r1-3,Corn 2,f,n,n,y,6,1,2,2,,,,1,,,1,15,13,5,20,1,,,,,,,,,,,,,,,,,,,,,,,,,,,,,,,,,,,,,,,,,
e3p,e,7/10/2021,Prattville,r24-2,Corn 2,m,n,n,y,5,,1,2,1,,1,,,,1,4,12,0,4,1,,,,,,,,,,,,,,,,,,,,,,,,,,,,,,,,,,,,,,,,,
e4n,e,7/10/2021,Prattville,r24-1,Corn 2,f,n,n,y,,,,,,,,,,,0,,,,9,,,,,,,,,,,,,,,,,,,,,,,,,,,,,,,,,,,,,,,,,,
e5n,e,7/10/2021,Prattville,r1-2,Corn 2,f,n,n,y,1,,,,1,,,,,,1,7,13,0,7,1,,,,,,,,,,,,,,,,,,,,,,,,,,,,,,,,,,,,,,,,,
e6p,e,7/10/2021,Prattville,r1-4,Corn 2,m,n,n,y,40,3,13,13,1,1,,5,4,,0,,,,11,,,,,,,,,,,,,,,,,,,,,,,,,,,,,,,,,,,,,,,,,,
e7p,e,7/10/2021,Prattville,r24-2,Corn 2,m,n,y,y,12,3,1,6,,,,2,,,0,,,,,,,,,,,,,,,,,,,,,,,,,,,,,,,,,,,,,,,,,,,,,,
e8p,e,7/10/2021,Prattville,r1-4,Corn 2,f,n,n,y,1,,,1,,,,,,,1,13,12,0,13,1,,,,,,,,,,,,,,,,,,,,,,,,,,,,,,,,,,,,,,,,,
e9n,e,7/10/2021,Prattville,r1-2,Corn 2,f,n,n,n,,,,,,,,,,,0,,,,61,,5,140,132,0.942857143,67,66,0.985074627,86,77,0.895348837,58,56,0.965517241,58,58,1,,,,,,,,,,,,,,,,,,,,,,,,,0.95775957
e10p,e,7/10/2021,Prattville,r1-2,Corn 2,f,n,n,y,2,,,1,,,1,,,,1,12,,,13,0,,,,,,,,,,,,,,,,,,,,,,,,,,,,,,,,,,,,,,,,,
e11p,e,7/10/2021,Prattville,r1-1,Corn 1,f,n,n,y,2,,1,,,1,,,,,1,12,14,,13,1,1,32,32,1,,,,,,,,,,,,,,,,,,,,,,,,,,,,,,,,,,,,,1
e12p,e,7/10/2021,Prattville,r1-1,Corn 1,f,y,n,y,2,,1,1,,,,,,,0,,,,7,,,,,,,,,,,,,,,,,,,,,,,,,,,,,,,,,,,,,,,,,,
e13p,e,7/10/2021,Prattville,r1-1,Corn 1,m,y,y,y,4,,1,2,,,,1,,,1,3,,,,0,,,,,,,,,,,,,,,,,,,,,,,,,,,,,,,,,,,,,,,,,
e14p,e,7/10/2021,Prattville,r1-4,Corn 1,f,n,n,y,3,,2,,,,,,1,,1,17,13,3,20,1,,,,,,,,,,,,,,,,,,,,,,,,,,,,,,,,,,,,,,,,,
e15p,e,7/10/2021,Prattville,r1-4,Corn 1,f,n,n,y,3,,2,,,,,1,,,1,9,12,1,10,1,,,,,,,,,,,,,,,,,,,,,,,,,,,,,,,,,,,,,,,,,
e16p,e,7/10/2021,Prattville,r1-4,Corn 1,m,n,n,y,,,1,3,,,,,2,,1,4,12,0,4,1,,,,,,,,,,,,,,,,,,,,,,,,,,,,,,,,,,,,,,,,,
e17p,e,7/10/2021,Prattville,r1-4,Corn 1,m,n,y,y,2,,2,,,,,1,,,1,3,13,,,1,,,,,,,,,,,,,,,,,,,,,,,,,,,,,,,,,,,,,,,,,
e18p,e,7/10/2021,Prattville,r1-1,Corn 1,m,n,n,y,9,1,2,2,1,1,,1,1,,1,4,,0,4,0,,,,,,,,,,,,,,,,,,,,,,,,,,,,,,,,,,,,,,,,,
e19n,e,7/10/2021,Prattville,r1-1,Corn 1,f,n,n,n,,,,,,,,,,,0,,,,8,,,,,,,,,,,,,,,,,,,,,,,,,,,,,,,,,,,,,,,,,,
e20p,e,7/10/2021,Prattville,r1-1,Corn 1,f,n,n,y,2,,2,,,,,,,,0,,,,4,,,,,,,,,,,,,,,,,,,,,,,,,,,,,,,,,,,,,,,,,,
e21n,e,7/10/2021,Prattville,r1-3,Corn 1,f,n,n,n,,,,,,,,,,,0,,,,33,,2,73,69,0.945205479,73,49,0.671232877,,,,,,,,,,,,,,,,,,,,,,,,,,,,,,,,,,0.808219178
e22n,e,7/10/2021,Prattville,r1-3,Corn 1,f,n,n,n,,,,,,,,,,,0,,,,68,,9,36,24,0.666666667,61,51,0.836065574,60,54,0.9,15,6,0.4,34,13,0.382352941,26,5,0.192307692,39,12,0.307692308,59,27,0.457627119,28,0,0,,,,,,,,,,,,,0.460301367
e23n,e,7/10/2021,Prattville,r1-3,Corn 1,f,y,n,n,,,,,,,,,,,0,,,,6,,,,,,,,,,,,,,,,,,,,,,,,,,,,,,,,,,,,,,,,,,
e24p,e,7/10/2021,Prattville,r1-3,Corn 1,m,y,n,y,1,,,,,,,,1,,1,7,12,,9,1,,,,,,,,,,,,,,,,,,,,,,,,,,,,,,,,,,,,,,,,,
e25p,e,7/10/2021,Prattville,r1-1,Corn 1,m,y,n,y,5,,1,4,,,,,,,0,,,,6,,,,,,,,,,,,,,,,,,,,,,,,,,,,,,,,,,,,,,,,,,
e26p,e,7/10/2021,Prattville,r1-1,Corn 1,f,y,n,y,1,,,1,,,,,,,0,,,,4,,,,,,,,,,,,,,,,,,,,,,,,,,,,,,,,,,,,,,,,,,
e27n,e,7/10/2021,Prattville,r1-1,Corn 1,f,y,n,n,,,,,,,,,,,1,15,13,1,16,1,1,103,103,1,,,,,,,,,,,,,,,,,,,,,,,,,,,,,,,,,,,,,1
e28p,e,7/10/2021,Prattville,r1-1,Corn 1,m,y,n,y,2,,,2,,,,,,,0,,,,4,,,,,,,,,,,,,,,,,,,,,,,,,,,,,,,,,,,,,,,,,,
e29p,e,7/10/2021,Prattville,r1-2,Corn 1,f,y,n,y,2,,,2,,,,,,,1,11,,2,13,0,1,84,81,0.964285714,,,,,,,,,,,,,,,,,,,,,,,,,,,,,,,,,,,,,0.964285714
e30p,e,7/10/2021,Prattville,r1-2,Corn 1,m,y,y,y,3,1,,1,,,,1,,,1,3,,,,0,,,,,,,,,,,,,,,,,,,,,,,,,,,,,,,,,,,,,,,,,
e31p,e,7/10/2021,Prattville,r1-2,Corn 1,f,n,n,y,2,,2,,,,,,,,1,10,,0,10,0,1,87,86,0.988505747,,,,,,,,,,,,,,,,,,,,,,,,,,,,,,,,,,,,,0.988505747
e32p,e,7/10/2021,Prattville,r1-2,Corn 1,m,n,y,y,2,,,1,,,,1,,,0,,,,,,,,,,,,,,,,,,,,,,,,,,,,,,,,,,,,,,,,,,,,,,
e33p,e,7/10/2021,Prattville,r10-2,Corn 1,m,n,n,y,4,,,1,,,,1,2,,1,9,12,0,9,1,,,,,,,,,,,,,,,,,,,,,,,,,,,,,,,,,,,,,,,,,
e34n,e,7/10/2021,Prattville,r1-4,Corn 1,f,n,n,n,,,,,,,,,,,1,8,,0,8,0,,,,,,,,,,,,,,,,,,,,,,,,,,,,,,,,,,,,,,,,,
e35p,e,7/10/2021,Prattville,r1-4,Corn 1,f,n,n,y,2,,1,,,,,1,,,1,14,,0,14,0,1,69,69,1,,,,,,,,,,,,,,,,,,,,,,,,,,,,,,,,,,,,,1
e36p,e,7/10/2021,Prattville,r1-4,Corn 1,m,n,n,y,1,,,,,,,,1,,1,14,,0,14,0,,,,,,,,,,,,,,,,,,,,,,,,,,,,,,,,,,,,,,,,,
e37p,e,7/10/2021,Prattville,r1-2,Corn 1,f,n,n,y,2,,,,1,,,1,,,0,,,,5,,,,,,,,,,,,,,,,,,,,,,,,,,,,,,,,,,,,,,,,,,
e38n,e,7/10/2021,Prattville,r1-2,Corn 1,f,n,n,n,,,,,,,,,,,0,,,,73,,2,59,0,0,61,0,0,,,,,,,,,,,,,,,,,,,,,,,,,,,,,,,,,,0
e39p,e,7/10/2021,Prattville,r1-2,Corn 1,m,n,n,y,4,,1,,1,,,2,,,0,,,,4,,,,,,,,,,,,,,,,,,,,,,,,,,,,,,,,,,,,,,,,,,
e40p,e,7/10/2021,Prattville,r1-2,Corn 1,f,n,n,y,5,1,1,1,,2,,,,,0,,,,4,,,,,,,,,,,,,,,,,,,,,,,,,,,,,,,,,,,,,,,,,,
e41p,e,7/10/2021,Prattville,r10-4,Corn 1,f,y,n,y,5,,2,3,,,,,,,1,4,,0,4,0,,,,,,,,,,,,,,,,,,,,,,,,,,,,,,,,,,,,,,,,,
e42p,e,7/10/2021,Prattville,r10-4,Corn 1,m,y,y,y,3,,,1,1,,,,1,,0,,,,,,,,,,,,,,,,,,,,,,,,,,,,,,,,,,,,,,,,,,,,,,
e43p,e,7/10/2021,Prattville,r10-1,Corn 1,m,n,n,y,7,,2,3,,2,,,,,0,,,,6,,,,,,,,,,,,,,,,,,,,,,,,,,,,,,,,,,,,,,,,,,
e44p,e,7/10/2021,Prattville,r24-1,Corn 1,m,n,n,y,6,,1,5,,,,,,,0,,,,4,,,,,,,,,,,,,,,,,,,,,,,,,,,,,,,,,,,,,,,,,,
e45p,e,7/10/2021,Prattville,r24-1,Corn 1,m,n,n,y,7,,2,3,,1,1,,,,0,,,,6,,,,,,,,,,,,,,,,,,,,,,,,,,,,,,,,,,,,,,,,,,
e46p,e,7/10/2021,Prattville,r24-1,Corn 1,m,n,n,y,5,1,,3,,,,,,1,1,4,13,0,4,1,,,,,,,,,,,,,,,,,,,,,,,,,,,,,,,,,,,,,,,,,
e47p,e,7/10/2021,Prattville,r10-4,Corn 1,f,y,n,y,3,1,1,,1,,,,,,1,13,,,22,0,1,57,55,0.964912281,,,,,,,,,,,,,,,,,,,,,,,,,,,,,,,,,,,,,0.964912281
e48p,e,7/10/2021,Prattville,r10-4,Corn 1,m,y,n,y,7,1,1,1,,,1,,3,,,,,,,,,,,,,,,,,,,,,,,,,,,,,,,,,,,,,,,,,,,,,,,,
e49p,e,7/10/2021,Prattville,r10-4,Corn 1,m,n,n,y,4,1,,1,,,,2,,,0,,,,4,,,,,,,,,,,,,,,,,,,,,,,,,,,,,,,,,,,,,,,,,,
e50n,e,7/10/2021,Prattville,r10-4,Corn 1,f,n,n,n,,,,,,,,,,,0,,,,4,,,,,,,,,,,,,,,,,,,,,,,,,,,,,,,,,,,,,,,,,,
e51p,e,7/10/2021,Prattville,r10-4,Corn 1,m,n,y,y,,1,2,,,2,,1,,,1,3,12,,,1,,,,,,,,,,,,,,,,,,,,,,,,,,,,,,,,,,,,,,,,,
e52p,e,7/10/2021,Prattville,r22-4,Corn 3,f,n,n,y,1,,,1,,,,,,,1,13,,0,13,0,1,59,59,1,,,,,,,,,,,,,,,,,,,,,,,,,,,,,,,,,,,,,1
e53p,e,7/10/2021,Prattville,r22-3,Corn 3,f,n,n,y,1,,,,,1,,,,,1,6,12,0,6,1,,,,,,,,,,,,,,,,,,,,,,,,,,,,,,,,,,,,,,,,,
e54n,e,7/10/2021,Prattville,r22-1,Corn 3,f,n,n,n,,,,,,,,,,,0,,,,8,,,,,,,,,,,,,,,,,,,,,,,,,,,,,,,,,,,,,,,,,,
e55n,e,7/10/2021,Prattville,r22-1,Corn 3,f,n,n,n,,,,,,,,,,,0,,,,60,,6,44,20,0.454545455,19,0,0,44,0,0,18,10,0.555555556,11,0,0,32,3,0.09375,,,,,,,,,,,,,,,,,,,,,,0.183975168
e56n,e,7/10/2021,Prattville,r2-3,Corn 3,m,n,n,n,,,,,,,,,,,0,,,,83,,3,53,52,0.981132075,29,18,0.620689655,11,9,0.818181818,,,,,,,,,,,,,,,,,,,,,,,,,,,,,,,0.80666785
e57p,e,7/10/2021,Prattville,r9-4,Corn 3,f,y,n,y,3,,2,,,,,1,,,1,15,13,5,20,1,1,89,85,0.95505618,,,,,,,,,,,,,,,,,,,,,,,,,,,,,,,,,,,,,0.95505618
e58p,e,7/10/2021,Prattville,r9-4,Corn 3,m,y,n,y,11,,,7,,1,2,1,,,1,11,14,2,12,1,,,,,,,,,,,,,,,,,,,,,,,,,,,,,,,,,,,,,,,,,
e59p,e,7/10/2021,Prattville,r2-4,Corn 3,m,n,n,y,9,,,5,,,1,2,1,,1,9,12,1,10,1,1,,,,,,,,,,,,,,,,,,,,,,,,,,,,,,,,,,,,,,,,0
e60p,e,7/10/2021,Prattville,r1-2,Corn 4,f,n,n,y,5,,2,2,,,1,,,,1,7,13,0,7,1,,,,,,,,,,,,,,,,,,,,,,,,,,,,,,,,,,,,,,,,,
e61p,e,7/10/2021,Prattville,r1-2,Corn 4,m,n,n,y,7,,1,3,,,2,1,,,0,,,,4,,,,,,,,,,,,,,,,,,,,,,,,,,,,,,,,,,,,,,,,,,
e62p,e,7/10/2021,Prattville,r1-4,Corn 4,f,n,n,y,1,,,1,,,,,,,0,,,,34,,1,35,0,0,,,,,,,,,,,,,,,,,,,,,,,,,,,,,,,,,,,,,0
e63n,e,7/10/2021,Prattville,r1-4,Corn 4,f,n,n,n,,,,,,,,,,,1,9,12,,16,1,,,,,,,,,,,,,,,,,,,,,,,,,,,,,,,,,,,,,,,,,
e64p,e,7/10/2021,Prattville,r1-3,Corn 4,m,n,n,y,9,,1,4,1,,1,1,1,,1,6,12,0,6,1,,,,,,,,,,,,,,,,,,,,,,,,,,,,,,,,,,,,,,,,,
f1n,f,7/15/2021,Prattville,r1-3,soy1-1,f,n,n,n,,,,,,,,,,,0,,,,33,,,,,,,,,,,,,,,,,,,,,,,,,,,,,,,,,,,,,,,,,,
f2p,f,7/15/2021,Prattville,r1-1,Corn 1,f,n,n,y,3,,,3,,,,,,,1,7,13,2,9,1,,,,,,,,,,,,,,,,,,,,,,,,,,,,,,,,,,,,,,,,,
f3p,f,7/15/2021,Prattville,r1-1,Corn 1,f,n,y,y,1,,,1,,,,,,,0,,,,,,,,,,,,,,,,,,,,,,,,,,,,,,,,,,,,,,,,,,,,,,
f4p,f,7/15/2021,Prattville,r1-1,Corn 4,m,n,y,y,17,1,2,10,,,,2,1,1,0,,,,,,,,,,,,,,,,,,,,,,,,,,,,,,,,,,,,,,,,,,,,,,
f5n,f,7/15/2021,Prattville,r1-1,Corn 1,f,y,n,n,,,,,,,,,,,0,,,,61,,3,74,73,0.986486486,75,75,1,55,54,0.981818182,,,,,,,,,,,,,,,,,,,,,,,,,,,,,,,0.989434889
f6p,f,7/15/2021,Prattville,r1-1,Corn 1,m,y,y,y,4,,,1,1,1,1,,,,1,3,14,0,3,1,,,,,,,,,,,,,,,,,,,,,,,,,,,,,,,,,,,,,,,,,
f7p,f,7/15/2021,Prattville,r24-1,Corn 2,f,n,y,y,6,,5,,,,,,1,,1,3,15,0,3,1,,,,,,,,,,,,,,,,,,,,,,,,,,,,,,,,,,,,,,,,,
f8n,f,7/15/2021,Prattville,r12-3,Corn 4,nymph,n,n,n,,,,,,,,,,,0,,,,8,,,,,,,,,,,,,,,,,,,,,,,,,,,,,,,,,,,,,,,,,,
f9p,f,7/15/2021,Prattville,r1-3,Corn 3,f,y,n,y,3,,1,1,,,,1,,,1,11,13,0,11,1,1,66,59,0.893939394,,,,,,,,,,,,,,,,,,,,,,,,,,,,,,,,,,,,,0.893939394
f10p,f,7/15/2021,Prattville,r1-3,Corn 3,m,y,y,y,,,2,3,,,3,1,1,,1,3,,0,3,0,,,,,,,,,,,,,,,,,,,,,,,,,,,,,,,,,,,,,,,,,
f11n,f,7/15/2021,Prattville,r1-4,Corn 5,f,n,n,n,,,,,,,,,,,0,,,,26,,2,98,96,0.979591837,58,45,0.775862069,,,,,,,,,,,,,,,,,,,,,,,,,,,,,,,,,,0.877726953
f12n,f,7/15/2021,Prattville,r1-1,Cot 2,f,n,n,n,,,,,,,,,,,1,7,13,2,9,1,,,,,,,,,,,,,,,,,,,,,,,,,,,,,,,,,,,,,,,,,
f13p,f,7/15/2021,Prattville,r11-4,Corn 3,m,n,n,y,4,,1,1,,,1,,,1,0,,,,7,,,,,,,,,,,,,,,,,,,,,,,,,,,,,,,,,,,,,,,,,,
f14p,f,7/15/2021,Prattville,r1-4,Corn 5,m,n,y,y,10,,4,2,3,1,,,,,1,3,,0,3,0,,,,,,,,,,,,,,,,,,,,,,,,,,,,,,,,,,,,,,,,,
f15p,f,7/15/2021,Prattville,r22-3,Corn 3,f,n,n,y,6,,3,2,,1,,,,,1,13,,0,13,,1,63,63,1,,,,,,,,,,,,,,,,,,,,,,,,,,,,,,,,,,,,,1
f16p,f,7/15/2021,Prattville,r2-1,Cot 1,f,n,n,y,2,1,,1,,,,,,,1,17,12,0,17,1,1,58,57,0.982758621,,,,,,,,,,,,,,,,,,,,,,,,,,,,,,,,,,,,,0.982758621
f17p,f,7/15/2021,Prattville,r24-2,Corn 2,f,n,y,y,3,,1,1,,1,,,,,1,3,,0,3,0,,,,,,,,,,,,,,,,,,,,,,,,,,,,,,,,,,,,,,,,,
f18n,f,7/15/2021,Prattville,r24-3,Corn 1,f,y,y,n,,,,,,,,,,,0,,,,,,,,,,,,,,,,,,,,,,,,,,,,,,,,,,,,,,,,,,,,,,
f19p,f,7/15/2021,Prattville,r24-3,Corn 1,m,y,y,y,14,,1,10,,1,1,1,,,0,,,,,,,,,,,,,,,,,,,,,,,,,,,,,,,,,,,,,,,,,,,,,,
f20p,f,7/15/2021,Prattville,r24-4,Corn 2,f,n,n,y,2,,1,1,,,,,,,0,,,,7,,,,,,,,,,,,,,,,,,,,,,,,,,,,,,,,,,,,,,,,,,
f21p,f,7/15/2021,Prattville,r1-2,Cot 2,f,n,n,y,2,,,1,,,,1,,,0,,,,8,,,,,,,,,,,,,,,,,,,,,,,,,,,,,,,,,,,,,,,,,,
f22p,f,7/15/2021,Prattville,r1-2,Cot 2,f,n,n,y,6,,3,1,,,2,,,,1,8,,0,8,0,,,,,,,,,,,,,,,,,,,,,,,,,,,,,,,,,,,,,,,,,
f23n,f,7/15/2021,Prattville,r1-3,Corn 2,f,n,n,n,,,,,,,,,,,0,,,,8,,,,,,,,,,,,,,,,,,,,,,,,,,,,,,,,,,,,,,,,,,
f24n,f,7/15/2021,Prattville,r13-1,Soy2-1,f,n,y,n,,,,,,,,,,,0,,,,,,,,,,,,,,,,,,,,,,,,,,,,,,,,,,,,,,,,,,,,,,
f25p,f,7/15/2021,Prattville,r19-1,Soy2-1,f,n,y,y,2,,,1,,,1,,,,0,,,,,,,,,,,,,,,,,,,,,,,,,,,,,,,,,,,,,,,,,,,,,,
f26n,f,7/15/2021,Prattville,r1-3,Corn 2,nymph,n,n,n,,,,,,,,,,,0,,,,7,,,,,,,,,,,,,,,,,,,,,,,,,,,,,,,,,,,,,,,,,,
f27p,f,7/15/2021,Prattville,r24-1,Corn 2,m,n,n,y,5,,1,2,,1,1,,,,1,6,13,1,7,1,,,,,,,,,,,,,,,,,,,,,,,,,,,,,,,,,,,,,,,,,
f28n,f,7/15/2021,Prattville,r24-4,Corn 2,m,n,n,n,,,,,,,,,,,1,9,13,1,10,1,,,,,,,,,,,,,,,,,,,,,,,,,,,,,,,,,,,,,,,,,
f29p,f,7/15/2021,Prattville,r24-3,Corn 1,m,n,n,y,27,1,5,17,,,,3,1,,0,,,,10,,,,,,,,,,,,,,,,,,,,,,,,,,,,,,,,,,,,,,,,,,
f30p,f,7/15/2021,Prattville,r24-3,Corn 1,m,n,y,y,,,1,13,,1,,1,2,,0,,,,,,,,,,,,,,,,,,,,,,,,,,,,,,,,,,,,,,,,,,,,,,
f31p,f,7/15/2021,Prattville,r24-2,Corn 1,f,n,n,y,5,,,3,,,,2,,,1,6,13,,7,1,,,,,,,,,,,,,,,,,,,,,,,,,,,,,,,,,,,,,,,,,
f32p,f,7/15/2021,Prattville,r1-1,Corn 1,f,n,n,y,1,,,1,,,,,,,1,7,12,,8,1,,,,,,,,,,,,,,,,,,,,,,,,,,,,,,,,,,,,,,,,,
f33p,f,7/15/2021,Prattville,r11-3,Corn 1,nymph,n,n,y,1,,,,,,,1,,,1,17,14,0,17,1,,,,,,,,,,,,,,,,,,,,,,,,,,,,,,,,,,,,,,,,,
f34p,f,7/15/2021,Prattville,r11-4,Corn 1,m,n,y,y,6,1,,3,,2,,,,,1,3,,0,3,0,,,,,,,,,,,,,,,,,,,,,,,,,,,,,,,,,,,,,,,,,
